partition,gbar_m_s2,raw_sis_gobs_m_s2,mistele2024_gobs_m_s2
kids-pairs-v017-00,1.3803842646028866e-15,-1.0707314814364721e-13,1.4125375446227554e-13
kids-pairs-v017-00,2.4547089156850336e-15,-1.6292231283910305e-13,3.630780547701018e-13
kids-pairs-v017-00,4.2657951880159345e-15,-2.9694428356673185e-13,5.370317963702532e-13
kids-pairs-v017-00,7.585775750291851e-15,-5.337508012187331e-13,8.317637711026708e-13
kids-pairs-v017-00,1.3489628825916561e-14,-7.507488765674161e-14,1.1748975549395304e-12
kids-pairs-v017-00,2.344228815319918e-14,8.603873328730828e-13,1.7378008287493763e-12
kids-pairs-v017-00,4.168693834703347e-14,-1.6435210417576644e-13,2.5703957827688646e-12
kids-pairs-v017-00,7.413102413009162e-14,-9.85150103108004e-13,3.3884415613920204e-12
kids-pairs-v017-00,1.2882495516931323e-13,-6.502295078544026e-13,5.128613839913659e-12
kids-pairs-v017-00,2.29086765276777e-13,7.032566327416465e-13,6.16595001861481e-12
kids-pairs-v017-00,4.073802778041122e-13,7.860211900934894e-13,7.762471166286927e-12
kids-pairs-v017-00,7.079457843841374e-13,-1.0691386026082277e-12,1e-11
kids-pairs-v017-00,1.258925411794166e-12,2.6380890933505738e-12,1.3182567385564048e-11
kids-pairs-v017-00,2.238721138568338e-12,-7.219458703130348e-12,1.659586907437563e-11
kids-pairs-v017-00,3.8904514499428045e-12,-7.953416746452386e-12,2.2387211385683377e-11
kids-pairs-v017-01,1.3803842646028866e-15,-2.653941787517653e-13,1.4125375446227554e-13
kids-pairs-v017-01,2.4547089156850336e-15,-2.1616316955984102e-13,3.630780547701018e-13
kids-pairs-v017-01,4.2657951880159345e-15,-1.4572302113715597e-14,5.370317963702532e-13
kids-pairs-v017-01,7.585775750291851e-15,2.3623319575369097e-13,8.317637711026708e-13
kids-pairs-v017-01,1.3489628825916561e-14,3.4140478744812903e-13,1.1748975549395304e-12
kids-pairs-v017-01,2.344228815319918e-14,4.854129508731012e-13,1.7378008287493763e-12
kids-pairs-v017-01,4.168693834703347e-14,5.97160483233686e-13,2.5703957827688646e-12
kids-pairs-v017-01,7.413102413009162e-14,6.090253871433482e-13,3.3884415613920204e-12
kids-pairs-v017-01,1.2882495516931323e-13,-8.115531549704201e-13,5.128613839913659e-12
kids-pairs-v017-01,2.29086765276777e-13,3.0003991494485144e-12,6.16595001861481e-12
kids-pairs-v017-01,4.073802778041122e-13,2.3063277630683787e-12,7.762471166286927e-12
kids-pairs-v017-01,7.079457843841374e-13,8.135944213683653e-13,1e-11
kids-pairs-v017-01,1.258925411794166e-12,-1.7268417819845412e-12,1.3182567385564048e-11
kids-pairs-v017-01,2.238721138568338e-12,-1.0600362055496365e-12,1.659586907437563e-11
kids-pairs-v017-01,3.8904514499428045e-12,-7.009658477527698e-12,2.2387211385683377e-11
kids-pairs-v017-02,1.3803842646028866e-15,1.5183541244258268e-13,1.4125375446227554e-13
kids-pairs-v017-02,2.4547089156850336e-15,-1.0656710848615205e-13,3.630780547701018e-13
kids-pairs-v017-02,4.2657951880159345e-15,-2.414790740710488e-13,5.370317963702532e-13
kids-pairs-v017-02,7.585775750291851e-15,-1.4033511489578636e-13,8.317637711026708e-13
kids-pairs-v017-02,1.3489628825916561e-14,-2.7130457594845666e-13,1.1748975549395304e-12
kids-pairs-v017-02,2.344228815319918e-14,-2.7167364219856957e-13,1.7378008287493763e-12
kids-pairs-v017-02,4.168693834703347e-14,1.1398264729537678e-12,2.5703957827688646e-12
kids-pairs-v017-02,7.413102413009162e-14,1.5611437139148923e-12,3.3884415613920204e-12
kids-pairs-v017-02,1.2882495516931323e-13,9.236407976926378e-13,5.128613839913659e-12
kids-pairs-v017-02,2.29086765276777e-13,2.2158927954746986e-12,6.16595001861481e-12
kids-pairs-v017-02,4.073802778041122e-13,5.314848895580536e-12,7.762471166286927e-12
kids-pairs-v017-02,7.079457843841374e-13,1.244339899143633e-13,1e-11
kids-pairs-v017-02,1.258925411794166e-12,1.5347250876406377e-12,1.3182567385564048e-11
kids-pairs-v017-02,2.238721138568338e-12,4.705021648065327e-12,1.659586907437563e-11
kids-pairs-v017-02,3.8904514499428045e-12,4.793827693820228e-12,2.2387211385683377e-11
kids-pairs-v017-03,1.3803842646028866e-15,1.5161405647995966e-13,1.4125375446227554e-13
kids-pairs-v017-03,2.4547089156850336e-15,2.511839689426601e-14,3.630780547701018e-13
kids-pairs-v017-03,4.2657951880159345e-15,-1.3293461658272988e-13,5.370317963702532e-13
kids-pairs-v017-03,7.585775750291851e-15,-9.835191576982408e-14,8.317637711026708e-13
kids-pairs-v017-03,1.3489628825916561e-14,2.3182485075971757e-13,1.1748975549395304e-12
kids-pairs-v017-03,2.344228815319918e-14,3.1999599194100433e-13,1.7378008287493763e-12
kids-pairs-v017-03,4.168693834703347e-14,-1.0200732171199277e-12,2.5703957827688646e-12
kids-pairs-v017-03,7.413102413009162e-14,-2.9504078551602166e-13,3.3884415613920204e-12
kids-pairs-v017-03,1.2882495516931323e-13,-2.214795221228649e-12,5.128613839913659e-12
kids-pairs-v017-03,2.29086765276777e-13,-1.5715334091904148e-12,6.16595001861481e-12
kids-pairs-v017-03,4.073802778041122e-13,1.7850883658537639e-12,7.762471166286927e-12
kids-pairs-v017-03,7.079457843841374e-13,-7.071173896416736e-13,1e-11
kids-pairs-v017-03,1.258925411794166e-12,-2.3347122321826257e-12,1.3182567385564048e-11
kids-pairs-v017-03,2.238721138568338e-12,-1.495790839599388e-12,1.659586907437563e-11
kids-pairs-v017-03,3.8904514499428045e-12,1.0749533266690198e-11,2.2387211385683377e-11
kids-pairs-v017-04,1.3803842646028866e-15,1.1370855116625156e-13,1.4125375446227554e-13
kids-pairs-v017-04,2.4547089156850336e-15,3.5490101647236623e-13,3.630780547701018e-13
kids-pairs-v017-04,4.2657951880159345e-15,5.89245150017517e-13,5.370317963702532e-13
kids-pairs-v017-04,7.585775750291851e-15,7.213310499037378e-13,8.317637711026708e-13
kids-pairs-v017-04,1.3489628825916561e-14,2.7788275806793493e-13,1.1748975549395304e-12
kids-pairs-v017-04,2.344228815319918e-14,1.6595771250352738e-13,1.7378008287493763e-12
kids-pairs-v017-04,4.168693834703347e-14,8.46564328442204e-13,2.5703957827688646e-12
kids-pairs-v017-04,7.413102413009162e-14,1.7865123486400868e-12,3.3884415613920204e-12
kids-pairs-v017-04,1.2882495516931323e-13,2.308208941014645e-12,5.128613839913659e-12
kids-pairs-v017-04,2.29086765276777e-13,3.115992332483119e-13,6.16595001861481e-12
kids-pairs-v017-04,4.073802778041122e-13,6.228180623430826e-13,7.762471166286927e-12
kids-pairs-v017-04,7.079457843841374e-13,1.0949910385943854e-12,1e-11
kids-pairs-v017-04,1.258925411794166e-12,-5.707701628054617e-12,1.3182567385564048e-11
kids-pairs-v017-04,2.238721138568338e-12,-6.834323255198134e-12,1.659586907437563e-11
kids-pairs-v017-04,3.8904514499428045e-12,-1.0864155363393208e-12,2.2387211385683377e-11
kids-pairs-v017-05,1.3803842646028866e-15,-3.114858458849039e-14,1.4125375446227554e-13
kids-pairs-v017-05,2.4547089156850336e-15,1.2945210571290414e-13,3.630780547701018e-13
kids-pairs-v017-05,4.2657951880159345e-15,1.5812752766615345e-13,5.370317963702532e-13
kids-pairs-v017-05,7.585775750291851e-15,6.305627380702638e-13,8.317637711026708e-13
kids-pairs-v017-05,1.3489628825916561e-14,-1.1635848161522162e-13,1.1748975549395304e-12
kids-pairs-v017-05,2.344228815319918e-14,2.9329166500237504e-13,1.7378008287493763e-12
kids-pairs-v017-05,4.168693834703347e-14,-6.873537069062346e-13,2.5703957827688646e-12
kids-pairs-v017-05,7.413102413009162e-14,-2.2523151747094404e-13,3.3884415613920204e-12
kids-pairs-v017-05,1.2882495516931323e-13,-1.1811552721906607e-12,5.128613839913659e-12
kids-pairs-v017-05,2.29086765276777e-13,-4.144079233089027e-12,6.16595001861481e-12
kids-pairs-v017-05,4.073802778041122e-13,-1.9164928493280968e-12,7.762471166286927e-12
kids-pairs-v017-05,7.079457843841374e-13,4.3516426418544865e-12,1e-11
kids-pairs-v017-05,1.258925411794166e-12,5.891448515560786e-12,1.3182567385564048e-11
kids-pairs-v017-05,2.238721138568338e-12,7.141546385399528e-12,1.659586907437563e-11
kids-pairs-v017-05,3.8904514499428045e-12,7.278842228822952e-12,2.2387211385683377e-11
kids-pairs-v017-06,1.3803842646028866e-15,6.116618390673431e-14,1.4125375446227554e-13
kids-pairs-v017-06,2.4547089156850336e-15,-1.757053439470179e-13,3.630780547701018e-13
kids-pairs-v017-06,4.2657951880159345e-15,8.843322407846945e-14,5.370317963702532e-13
kids-pairs-v017-06,7.585775750291851e-15,9.911957623194998e-14,8.317637711026708e-13
kids-pairs-v017-06,1.3489628825916561e-14,3.95658615306753e-13,1.1748975549395304e-12
kids-pairs-v017-06,2.344228815319918e-14,7.777285511468892e-14,1.7378008287493763e-12
kids-pairs-v017-06,4.168693834703347e-14,1.3464763087312537e-12,2.5703957827688646e-12
kids-pairs-v017-06,7.413102413009162e-14,-6.327785122157206e-14,3.3884415613920204e-12
kids-pairs-v017-06,1.2882495516931323e-13,7.539124276591101e-13,5.128613839913659e-12
kids-pairs-v017-06,2.29086765276777e-13,1.0922380141536422e-12,6.16595001861481e-12
kids-pairs-v017-06,4.073802778041122e-13,3.1993954803334656e-12,7.762471166286927e-12
kids-pairs-v017-06,7.079457843841374e-13,4.939044272584641e-14,1e-11
kids-pairs-v017-06,1.258925411794166e-12,7.240791041476721e-13,1.3182567385564048e-11
kids-pairs-v017-06,2.238721138568338e-12,-5.083500053722092e-12,1.659586907437563e-11
kids-pairs-v017-06,3.8904514499428045e-12,-1.8073787974881498e-12,2.2387211385683377e-11
kids-pairs-v017-07,1.3803842646028866e-15,2.0239244305760164e-13,1.4125375446227554e-13
kids-pairs-v017-07,2.4547089156850336e-15,3.439125784769052e-13,3.630780547701018e-13
kids-pairs-v017-07,4.2657951880159345e-15,6.831642564343472e-14,5.370317963702532e-13
kids-pairs-v017-07,7.585775750291851e-15,2.657927474371206e-13,8.317637711026708e-13
kids-pairs-v017-07,1.3489628825916561e-14,1.63298490434199e-13,1.1748975549395304e-12
kids-pairs-v017-07,2.344228815319918e-14,-4.726905934753155e-13,1.7378008287493763e-12
kids-pairs-v017-07,4.168693834703347e-14,-1.0482418025643972e-13,2.5703957827688646e-12
kids-pairs-v017-07,7.413102413009162e-14,7.403879291065837e-13,3.3884415613920204e-12
kids-pairs-v017-07,1.2882495516931323e-13,-3.933057930617909e-13,5.128613839913659e-12
kids-pairs-v017-07,2.29086765276777e-13,-8.83434060202611e-13,6.16595001861481e-12
kids-pairs-v017-07,4.073802778041122e-13,-7.311156863508898e-13,7.762471166286927e-12
kids-pairs-v017-07,7.079457843841374e-13,6.92284977587959e-13,1e-11
kids-pairs-v017-07,1.258925411794166e-12,6.0809072982333396e-12,1.3182567385564048e-11
kids-pairs-v017-07,2.238721138568338e-12,1.5378053525990904e-11,1.659586907437563e-11
kids-pairs-v017-07,3.8904514499428045e-12,1.393888452084811e-11,2.2387211385683377e-11
exact_merged,1.3803842646028866e-15,5.721517834783088e-14,1.4125375446227554e-13
exact_merged,2.4547089156850336e-15,5.1337719340323095e-14,3.630780547701018e-13
exact_merged,4.2657951880159345e-15,2.5831313656520517e-14,5.370317963702532e-13
exact_merged,7.585775750291851e-15,1.4739052575280897e-13,8.317637711026708e-13
exact_merged,1.3489628825916561e-14,7.009580829744211e-14,1.1748975549395304e-12
exact_merged,2.344228815319918e-14,1.715302474922212e-13,1.7378008287493763e-12
exact_merged,4.168693834703347e-14,2.144149078947584e-13,2.5703957827688646e-12
exact_merged,7.413102413009162e-14,4.0987505093755383e-13,3.3884415613920204e-12
exact_merged,1.2882495516931323e-13,-1.0293377819345994e-13,5.128613839913659e-12
exact_merged,2.29086765276777e-13,-1.3613626300579227e-13,6.16595001861481e-12
exact_merged,4.073802778041122e-13,1.185238068743446e-12,7.762471166286927e-12
exact_merged,7.079457843841374e-13,6.699759637324446e-13,1e-11
exact_merged,1.258925411794166e-12,6.106845339873137e-13,1.3182567385564048e-11
exact_merged,2.238721138568338e-12,1.9081188962393948e-13,1.659586907437563e-11
exact_merged,3.8904514499428045e-12,2.3371835018203276e-12,2.2387211385683377e-11
