time,X,Y,Z,F
2026-08-25 05:58:00+00:00,,,,
2026-08-25 05:59:00+00:00,,,,
2026-08-25 06:00:00+00:00,,,,
2026-08-25 06:01:00+00:00,,,,
2026-08-25 06:02:00+00:00,,,,
2026-08-25 06:03:00+00:00,,,,
2026-08-25 06:04:00+00:00,,,,
2026-08-25 06:05:00+00:00,,,,
2026-08-25 06:06:00+00:00,,,,
2026-08-25 06:07:00+00:00,,,,
2026-08-25 06:08:00+00:00,,,,
2026-08-25 06:09:00+00:00,,,,
2026-08-25 06:10:00+00:00,,,,
2026-08-25 06:11:00+00:00,,,,
2026-08-25 06:12:00+00:00,,,,
2026-08-25 06:13:00+00:00,,,,
2026-08-25 06:14:00+00:00,,,,
2026-08-25 06:15:00+00:00,,,,
2026-08-25 06:16:00+00:00,,,,
2026-08-25 06:17:00+00:00,,,,
2026-08-25 06:18:00+00:00,,,,
2026-08-25 06:19:00+00:00,,,,
2026-08-25 06:20:00+00:00,,,,
2026-08-25 06:21:00+00:00,,,,
2026-08-25 06:22:00+00:00,,,,
2026-08-25 06:23:00+00:00,,,,
2026-08-25 06:24:00+00:00,,,,
2026-08-25 06:25:00+00:00,,,,
2026-08-25 06:26:00+00:00,,,,
2026-08-25 06:27:00+00:00,,,,
2026-08-25 06:28:00+00:00,,,,
2026-08-25 06:29:00+00:00,,,,
2026-08-25 06:30:00+00:00,,,,
2026-08-25 06:31:00+00:00,,,,
2026-08-25 06:32:00+00:00,,,,
2026-08-25 06:33:00+00:00,,,,
2026-08-25 06:34:00+00:00,,,,
2026-08-25 06:35:00+00:00,,,,
2026-08-25 06:36:00+00:00,,,,
2026-08-25 06:37:00+00:00,,,,
2026-08-25 06:38:00+00:00,,,,
2026-08-25 06:39:00+00:00,,,,
2026-08-25 06:40:00+00:00,,,,
2026-08-25 06:41:00+00:00,,,,
2026-08-25 06:42:00+00:00,,,,
2026-08-25 06:43:00+00:00,,,,
2026-08-25 06:44:00+00:00,,,,
2026-08-25 06:45:00+00:00,,,,
2026-08-25 06:46:00+00:00,,,,
2026-08-25 06:47:00+00:00,,,,
2026-08-25 06:48:00+00:00,,,,
2026-08-25 06:49:00+00:00,,,,
2026-08-25 06:50:00+00:00,,,,
2026-08-25 06:51:00+00:00,,,,
2026-08-25 06:52:00+00:00,,,,
2026-08-25 06:53:00+00:00,,,,
