time,X,Y,Z,F
2026-08-24 05:59:00+00:00,20495.778,2793.692,46649.827,51030.295
2026-08-24 06:00:00+00:00,20495.613,2793.739,46649.812,51030.252
2026-08-24 06:01:00+00:00,20495.577,2793.922,46649.763,51030.222
2026-08-24 06:02:00+00:00,20495.383,2794.169,46649.72,51030.163
2026-08-24 06:03:00+00:00,20495.147,2794.532,46649.809,51030.122
2026-08-24 06:04:00+00:00,20495.071,2794.724,46649.892,51030.2
2026-08-24 06:05:00+00:00,20495.03,2794.81,46649.949,51030.225
2026-08-24 06:06:00+00:00,20495.18,2795.06,46649.909,51030.287
2026-08-24 06:07:00+00:00,20495.119,2795.487,46649.98,51030.304
2026-08-24 06:08:00+00:00,20495.229,2795.92,46650.039,51030.406
2026-08-24 06:09:00+00:00,20495.425,2796.353,46650.068,51030.551
2026-08-24 06:10:00+00:00,20495.421,2796.549,46650.169,51030.627
2026-08-24 06:11:00+00:00,20495.249,2796.743,46650.168,51030.63
2026-08-24 06:12:00+00:00,20495.162,2796.702,46650.207,51030.658
2026-08-24 06:13:00+00:00,20495.55,2796.757,46650.153,51030.767
2026-08-24 06:14:00+00:00,20495.808,2796.822,46650.154,51030.875
2026-08-24 06:15:00+00:00,20496.045,2796.717,46650.244,51030.991
2026-08-24 06:16:00+00:00,20496.243,2796.72,46650.253,51031.064
2026-08-24 06:17:00+00:00,20496.317,2796.762,46650.213,51031.09
2026-08-24 06:18:00+00:00,20496.49,2796.874,46650.203,51031.154
2026-08-24 06:19:00+00:00,20496.647,2796.984,46650.176,51031.233
2026-08-24 06:20:00+00:00,20496.746,2797.13,46650.177,51031.264
2026-08-24 06:21:00+00:00,20496.822,2797.139,46650.172,51031.311
2026-08-24 06:22:00+00:00,20496.848,2796.951,46650.271,51031.356
2026-08-24 06:23:00+00:00,20496.658,2796.794,46650.227,51031.249
2026-08-24 06:24:00+00:00,20496.389,2796.754,46650.227,51031.101
2026-08-24 06:25:00+00:00,20496.039,2796.823,46650.12,51030.929
2026-08-24 06:26:00+00:00,20495.807,2796.897,46650.105,51030.826
2026-08-24 06:27:00+00:00,20495.625,2796.966,46650.13,51030.751
2026-08-24 06:28:00+00:00,20495.428,2797.107,46650.132,51030.673
2026-08-24 06:29:00+00:00,20495.235,2797.258,46650.12,51030.609
2026-08-24 06:30:00+00:00,20495.112,2797.265,46650.136,51030.568
2026-08-24 06:31:00+00:00,20495.042,2797.244,46650.158,51030.577
2026-08-24 06:32:00+00:00,20495.141,2797.162,46650.139,51030.585
2026-08-24 06:33:00+00:00,20495.181,2797.241,46650.155,51030.597
2026-08-24 06:34:00+00:00,20495.24,2797.01,46650.206,51030.647
2026-08-24 06:35:00+00:00,20495.106,2796.964,46650.155,51030.546
2026-08-24 06:36:00+00:00,20495.265,2796.893,46650.218,51030.634
2026-08-24 06:37:00+00:00,20495.024,2796.804,46650.157,51030.504
2026-08-24 06:38:00+00:00,20495.091,2796.786,46650.165,51030.551
2026-08-24 06:39:00+00:00,20495.037,2796.621,46650.175,51030.499
2026-08-24 06:40:00+00:00,20494.9,2796.614,46650.141,51030.459
2026-08-24 06:41:00+00:00,20494.826,2796.717,46650.103,51030.418
2026-08-24 06:42:00+00:00,20494.735,2796.704,46650.212,51030.414
2026-08-24 06:43:00+00:00,20494.693,2796.644,46650.164,51030.395
2026-08-24 06:44:00+00:00,20494.787,2796.762,46650.121,51030.414
2026-08-24 06:45:00+00:00,20494.86,2796.751,46650.126,51030.473
2026-08-24 06:46:00+00:00,20494.85,2796.551,46650.16,51030.48
2026-08-24 06:47:00+00:00,20494.764,2796.415,46650.199,51030.458
2026-08-24 06:48:00+00:00,20494.752,2796.094,46650.206,51030.469
2026-08-24 06:49:00+00:00,20494.497,2795.842,46650.132,51030.327
2026-08-24 06:50:00+00:00,20494.602,2795.752,46650.128,51030.308
2026-08-24 06:51:00+00:00,20494.46,2796.146,46649.987,51030.173
2026-08-24 06:52:00+00:00,20494.426,2796.566,46650.013,51030.212
2026-08-24 06:53:00+00:00,20494.365,2796.698,46650.098,51030.252
2026-08-24 06:54:00+00:00,20494.366,2796.913,46650.109,51030.274
2026-08-24 06:55:00+00:00,20494.317,2796.869,46650.206,51030.326
2026-08-24 06:56:00+00:00,20494.264,2796.788,46650.235,51030.345
2026-08-24 06:57:00+00:00,20494.186,2796.683,46650.304,51030.332
2026-08-24 06:58:00+00:00,20494.092,2796.744,46650.28,51030.268
2026-08-24 06:59:00+00:00,20494.039,2796.919,46650.281,51030.26
2026-08-24 07:00:00+00:00,20494.026,2797.016,46650.256,51030.262
2026-08-24 07:01:00+00:00,20494.127,2797.064,46650.297,51030.318
2026-08-24 07:02:00+00:00,20494.144,2797.219,46650.301,51030.318
2026-08-24 07:03:00+00:00,20494.204,2797.521,46650.243,51030.35
2026-08-24 07:04:00+00:00,20494.288,2797.726,46650.277,51030.427
2026-08-24 07:05:00+00:00,20494.482,2797.969,46650.275,51030.506
2026-08-24 07:06:00+00:00,20494.712,2798.181,46650.322,51030.631
2026-08-24 07:07:00+00:00,20494.699,2798.57,46650.33,51030.643
2026-08-24 07:08:00+00:00,20494.789,2798.798,46650.422,51030.773
2026-08-24 07:09:00+00:00,20494.825,2799.001,46650.421,51030.807
2026-08-24 07:10:00+00:00,20495.022,2799.3,46650.414,51030.937
2026-08-24 07:11:00+00:00,20495.178,2799.179,46650.493,51031.05
2026-08-24 07:12:00+00:00,20495.166,2799.403,46650.485,51031.033
2026-08-24 07:13:00+00:00,20495.555,2799.46,46650.561,51031.239
2026-08-24 07:14:00+00:00,20495.529,2799.302,46650.513,51031.207
2026-08-24 07:15:00+00:00,20495.674,2799.408,46650.562,51031.258
2026-08-24 07:16:00+00:00,20495.881,2799.161,46650.592,51031.35
2026-08-24 07:17:00+00:00,20495.969,2798.946,46650.516,51031.357
2026-08-24 07:18:00+00:00,20496.228,2798.744,46650.517,51031.435
2026-08-24 07:19:00+00:00,20496.254,2798.714,46650.37,51031.354
2026-08-24 07:20:00+00:00,20496.484,2798.766,46650.356,51031.446
2026-08-24 07:21:00+00:00,20496.845,2798.384,46650.403,51031.608
2026-08-24 07:22:00+00:00,20496.892,2798.141,46650.301,51031.481
2026-08-24 07:23:00+00:00,20497.178,2798.04,46650.337,51031.634
2026-08-24 07:24:00+00:00,20496.881,2797.643,46650.339,51031.45
2026-08-24 07:25:00+00:00,20496.946,2797.88,46650.286,51031.468
2026-08-24 07:26:00+00:00,20496.814,2797.502,46650.325,51031.397
2026-08-24 07:27:00+00:00,20496.488,2797.436,46650.293,51031.231
2026-08-24 07:28:00+00:00,20496.536,2797.264,46650.242,51031.227
2026-08-24 07:29:00+00:00,20496.683,2797.286,46650.16,51031.229
2026-08-24 07:30:00+00:00,20496.591,2797.399,46650.167,51031.185
2026-08-24 07:31:00+00:00,20496.547,2797.641,46650.135,51031.19
2026-08-24 07:32:00+00:00,20496.411,2797.807,46650.209,51031.139
2026-08-24 07:33:00+00:00,20496.056,2798.093,46650.222,51031.034
2026-08-24 07:34:00+00:00,20495.684,2798.31,46650.257,51030.943
2026-08-24 07:35:00+00:00,20495.238,2798.632,46650.262,51030.792
2026-08-24 07:36:00+00:00,20495.044,2798.732,46650.334,51030.789
2026-08-24 07:37:00+00:00,20494.907,2798.806,46650.322,51030.744
2026-08-24 07:38:00+00:00,20494.746,2799.204,46650.273,51030.665
2026-08-24 07:39:00+00:00,20494.776,2799.484,46650.318,51030.742
2026-08-24 07:40:00+00:00,20494.675,2799.607,46650.396,51030.731
2026-08-24 07:41:00+00:00,20494.617,2800.016,46650.38,51030.74
2026-08-24 07:42:00+00:00,20494.545,2800.091,46650.437,51030.785
2026-08-24 07:43:00+00:00,20494.355,2800.46,46650.433,51030.706
2026-08-24 07:44:00+00:00,20494.352,2800.888,46650.416,51030.734
2026-08-24 07:45:00+00:00,20494.412,2801.236,46650.484,51030.813
2026-08-24 07:46:00+00:00,20494.68,2801.472,46650.492,51030.971
2026-08-24 07:47:00+00:00,20494.979,2801.692,46650.535,51031.104
2026-08-24 07:48:00+00:00,20495.166,2801.991,46650.544,51031.207
2026-08-24 07:49:00+00:00,20495.372,2802.125,46650.584,51031.337
2026-08-24 07:50:00+00:00,20495.598,2802.048,46650.637,51031.447
2026-08-24 07:51:00+00:00,20495.697,2801.989,46650.661,51031.51
2026-08-24 07:52:00+00:00,20495.815,2801.701,46650.658,51031.56
2026-08-24 07:53:00+00:00,20496.071,2801.39,46650.664,51031.641
2026-08-24 07:54:00+00:00,20496.216,2801.03,46650.626,51031.646
2026-08-24 07:55:00+00:00,20496.093,2800.858,46650.59,51031.536
2026-08-24 07:56:00+00:00,20495.994,2800.945,46650.511,51031.42
2026-08-24 07:57:00+00:00,20495.9,2801.19,46650.494,51031.369
2026-08-24 07:58:00+00:00,20495.843,2801.175,46650.515,51031.381
2026-08-24 07:59:00+00:00,20495.718,2801.474,46650.408,51031.265
2026-08-24 08:00:00+00:00,20495.627,2801.75,46650.442,51031.276
2026-08-24 08:01:00+00:00,20495.489,2801.985,46650.46,51031.248
2026-08-24 08:02:00+00:00,20495.51,2802.2,46650.501,51031.289
2026-08-24 08:03:00+00:00,20495.533,2802.306,46650.558,51031.33
2026-08-24 08:04:00+00:00,20495.627,2802.386,46650.557,51031.378
2026-08-24 08:05:00+00:00,20495.774,2802.516,46650.464,51031.432
2026-08-24 08:06:00+00:00,20495.977,2802.744,46650.393,51031.489
2026-08-24 08:07:00+00:00,20496.254,2802.878,46650.411,51031.619
2026-08-24 08:08:00+00:00,20496.507,2802.942,46650.458,51031.728
2026-08-24 08:09:00+00:00,20496.659,2803.006,46650.47,51031.81
2026-08-24 08:10:00+00:00,20496.782,2802.905,46650.538,51031.886
2026-08-24 08:11:00+00:00,20496.98,2802.724,46650.515,51031.963
2026-08-24 08:12:00+00:00,20497.181,2802.478,46650.471,51032.015
2026-08-24 08:13:00+00:00,20497.285,2802.384,46650.455,51032.024
2026-08-24 08:14:00+00:00,20497.295,2802.24,46650.426,51031.997
2026-08-24 08:15:00+00:00,20497.177,2802.023,46650.52,51031.952
2026-08-24 08:16:00+00:00,20497.119,2801.823,46650.463,51031.901
2026-08-24 08:17:00+00:00,20497.092,2801.612,46650.423,51031.841
2026-08-24 08:18:00+00:00,20497.032,2801.52,46650.369,51031.768
2026-08-24 08:19:00+00:00,20496.964,2801.521,46650.335,51031.71
2026-08-24 08:20:00+00:00,20496.968,2801.579,46650.314,51031.673
2026-08-24 08:21:00+00:00,20496.932,2801.697,46650.259,51031.647
2026-08-24 08:22:00+00:00,20497.09,2801.759,46650.299,51031.719
2026-08-24 08:23:00+00:00,20497.157,2801.771,46650.259,51031.731
2026-08-24 08:24:00+00:00,20497.362,2801.908,46650.169,51031.774
2026-08-24 08:25:00+00:00,20497.471,2802.118,46650.164,51031.814
2026-08-24 08:26:00+00:00,20497.419,2802.353,46650.123,51031.809
2026-08-24 08:27:00+00:00,20497.476,2802.789,46650.142,51031.837
2026-08-24 08:28:00+00:00,20497.733,2802.747,46650.237,51032.003
2026-08-24 08:29:00+00:00,20497.643,2802.674,46650.259,51031.999
2026-08-24 08:30:00+00:00,20497.708,2802.779,46650.224,51032.004
2026-08-24 08:31:00+00:00,20497.839,2802.809,46650.24,51032.065
2026-08-24 08:32:00+00:00,20498.015,2802.686,46650.197,51032.121
2026-08-24 08:33:00+00:00,20498.005,2802.92,46650.154,51032.063
2026-08-24 08:34:00+00:00,20498.099,2803.009,46650.192,51032.135
2026-08-24 08:35:00+00:00,20498.136,2803.011,46650.187,51032.139
2026-08-24 08:36:00+00:00,20498.114,2803.232,46650.157,51032.114
2026-08-24 08:37:00+00:00,20498.047,2803.29,46650.181,51032.137
2026-08-24 08:38:00+00:00,20497.994,2803.358,46650.164,51032.106
2026-08-24 08:39:00+00:00,20497.981,2803.388,46650.162,51032.102
2026-08-24 08:40:00+00:00,20497.987,2803.454,46650.164,51032.078
2026-08-24 08:41:00+00:00,20497.878,2803.574,46650.18,51032.042
2026-08-24 08:42:00+00:00,20497.709,2803.56,46650.202,51031.986
2026-08-24 08:43:00+00:00,20497.43,2803.606,46650.22,51031.871
2026-08-24 08:44:00+00:00,20497.131,2803.529,46650.259,51031.777
2026-08-24 08:45:00+00:00,20497.013,2803.566,46650.196,51031.69
2026-08-24 08:46:00+00:00,20497.03,2803.736,46650.142,51031.666
2026-08-24 08:47:00+00:00,20497.112,2803.757,46650.148,51031.724
2026-08-24 08:48:00+00:00,20497.227,2803.737,46650.149,51031.735
2026-08-24 08:49:00+00:00,20497.351,2803.65,46650.169,51031.787
2026-08-24 08:50:00+00:00,20497.493,2803.557,46650.154,51031.815
2026-08-24 08:51:00+00:00,20497.757,2803.57,46650.063,51031.879
2026-08-24 08:52:00+00:00,20497.907,2803.494,46650.082,51031.924
2026-08-24 08:53:00+00:00,20497.959,2803.356,46650.098,51031.93
2026-08-24 08:54:00+00:00,20498.027,2803.263,46650.067,51031.934
2026-08-24 08:55:00+00:00,20498.109,2803.209,46650.041,51031.933
2026-08-24 08:56:00+00:00,20498.021,2803.102,46650.046,51031.894
2026-08-24 08:57:00+00:00,20498.01,2803.046,46650.011,51031.868
2026-08-24 08:58:00+00:00,20497.95,2803.053,46650.002,51031.838
2026-08-24 08:59:00+00:00,20497.978,2803.133,46649.959,51031.85
2026-08-24 09:00:00+00:00,20498.068,2803.199,46649.923,51031.858
2026-08-24 09:01:00+00:00,20498.211,2803.264,46649.879,51031.902
2026-08-24 09:02:00+00:00,20498.315,2803.327,46649.926,51031.942
2026-08-24 09:03:00+00:00,20498.336,2803.356,46649.906,51031.953
2026-08-24 09:04:00+00:00,20498.37,2803.348,46649.906,51031.984
2026-08-24 09:05:00+00:00,20498.418,2803.335,46649.927,51031.998
2026-08-24 09:06:00+00:00,20498.405,2803.307,46649.905,51031.981
2026-08-24 09:07:00+00:00,20498.342,2803.295,46649.87,51031.942
2026-08-24 09:08:00+00:00,20498.308,2803.341,46649.847,51031.925
2026-08-24 09:09:00+00:00,20498.285,2803.398,46649.875,51031.884
2026-08-24 09:10:00+00:00,20498.189,2803.571,46649.886,51031.841
2026-08-24 09:11:00+00:00,20498.043,2803.835,46649.846,51031.806
2026-08-24 09:12:00+00:00,20497.819,2804.023,46649.887,51031.749
2026-08-24 09:13:00+00:00,20497.748,2804.182,46649.888,51031.755
2026-08-24 09:14:00+00:00,20497.808,2804.289,46649.915,51031.783
2026-08-24 09:15:00+00:00,20498.006,2804.353,46649.896,51031.873
2026-08-24 09:16:00+00:00,20498.281,2804.38,46649.92,51031.972
2026-08-24 09:17:00+00:00,20498.393,2804.514,46649.902,51032.038
2026-08-24 09:18:00+00:00,20498.538,2804.615,46649.956,51032.126
2026-08-24 09:19:00+00:00,20498.638,2804.59,46649.973,51032.193
2026-08-24 09:20:00+00:00,20498.807,2804.663,46649.913,51032.249
2026-08-24 09:21:00+00:00,20498.947,2804.727,46649.96,51032.312
2026-08-24 09:22:00+00:00,20499.107,2804.839,46649.921,51032.372
2026-08-24 09:23:00+00:00,20499.247,2804.929,46649.895,51032.442
2026-08-24 09:24:00+00:00,20499.216,2805.054,46649.896,51032.418
2026-08-24 09:25:00+00:00,20499.222,2805.213,46649.905,51032.442
2026-08-24 09:26:00+00:00,20499.041,2805.357,46649.952,51032.413
2026-08-24 09:27:00+00:00,20498.918,2805.437,46649.964,51032.364
2026-08-24 09:28:00+00:00,20498.866,2805.489,46649.959,51032.364
2026-08-24 09:29:00+00:00,20498.848,2805.383,46650.051,51032.379
2026-08-24 09:30:00+00:00,20498.661,2805.156,46650.061,51032.331
2026-08-24 09:31:00+00:00,20498.468,2804.976,46650.114,51032.252
2026-08-24 09:32:00+00:00,20498.3,2804.913,46650.101,51032.129
2026-08-24 09:33:00+00:00,20498.222,2805.021,46650.023,51032.04
2026-08-24 09:34:00+00:00,20498.14,2805.085,46649.991,51031.991
2026-08-24 09:35:00+00:00,20497.959,2805.218,46650.014,51031.943
2026-08-24 09:36:00+00:00,20497.745,2805.443,46649.987,51031.856
2026-08-24 09:37:00+00:00,20497.556,2805.635,46650.056,51031.813
2026-08-24 09:38:00+00:00,20497.52,2805.667,46650.052,51031.84
2026-08-24 09:39:00+00:00,20497.628,2805.784,46650.023,51031.865
2026-08-24 09:40:00+00:00,20497.771,2805.872,46649.984,51031.918
2026-08-24 09:41:00+00:00,20497.989,2806.135,46649.988,51032.004
2026-08-24 09:42:00+00:00,20498.339,2806.353,46649.962,51032.146
2026-08-24 09:43:00+00:00,20498.572,2806.475,46650.083,51032.321
2026-08-24 09:44:00+00:00,20498.971,2806.418,46650.116,51032.508
2026-08-24 09:45:00+00:00,20499.38,2806.305,46650.124,51032.664
2026-08-24 09:46:00+00:00,20499.8,2806.07,46650.117,51032.866
2026-08-24 09:47:00+00:00,20500.103,2805.961,46650.112,51032.956
2026-08-24 09:48:00+00:00,20500.387,2806.107,46650.055,51033.015
2026-08-24 09:49:00+00:00,20500.749,2806.333,46650.066,51033.156
2026-08-24 09:50:00+00:00,20501.033,2806.321,46650.047,51033.32
2026-08-24 09:51:00+00:00,20501.125,2806.158,46650.106,51033.389
2026-08-24 09:52:00+00:00,20501.097,2805.812,46650.123,51033.371
2026-08-24 09:53:00+00:00,20500.741,2805.683,46650.088,51033.198
2026-08-24 09:54:00+00:00,20500.323,2805.477,46650.048,51033.007
2026-08-24 09:55:00+00:00,20499.824,2805.426,46650.021,51032.761
2026-08-24 09:56:00+00:00,20499.436,2805.689,46649.923,51032.541
2026-08-24 09:57:00+00:00,20499.109,2806.119,46649.885,51032.399
2026-08-24 09:58:00+00:00,20498.908,2806.516,46649.908,51032.344
2026-08-24 09:59:00+00:00,20498.709,2806.858,46649.913,51032.294
2026-08-24 10:00:00+00:00,20498.543,2807.173,46649.915,51032.277
2026-08-24 10:01:00+00:00,20498.351,2807.133,46650.009,51032.278
2026-08-24 10:02:00+00:00,20498.238,2807.236,46650.001,51032.217
2026-08-24 10:03:00+00:00,20498.5,2807.453,46650.006,51032.306
2026-08-24 10:04:00+00:00,20498.63,2807.489,46650.062,51032.402
2026-08-24 10:05:00+00:00,20498.771,2807.51,46650.052,51032.475
2026-08-24 10:06:00+00:00,20498.805,2807.463,46650.083,51032.499
2026-08-24 10:07:00+00:00,20498.929,2807.355,46650.087,51032.541
2026-08-24 10:08:00+00:00,20498.955,2807.126,46650.133,51032.569
2026-08-24 10:09:00+00:00,20498.928,2807.006,46650.09,51032.504
2026-08-24 10:10:00+00:00,20498.908,2807.011,46650.058,51032.512
2026-08-24 10:11:00+00:00,20498.687,2807.033,46649.997,51032.364
2026-08-24 10:12:00+00:00,20498.314,2807.415,46649.938,51032.224
2026-08-24 10:13:00+00:00,20497.9,2807.251,46650.066,51032.123
2026-08-24 10:14:00+00:00,20497.464,2807.542,46650.005,51031.886
2026-08-24 10:15:00+00:00,20497.299,2808.114,46649.961,51031.839
2026-08-24 10:16:00+00:00,20497.295,2808.267,46649.999,51031.902
2026-08-24 10:17:00+00:00,20497.076,2808.471,46650.049,51031.85
2026-08-24 10:18:00+00:00,20496.83,2808.587,46650.098,51031.796
2026-08-24 10:19:00+00:00,20496.73,2808.644,46650.094,51031.753
2026-08-24 10:20:00+00:00,20496.777,2808.806,46650.016,51031.748
2026-08-24 10:21:00+00:00,20497.034,2809.013,46649.985,51031.848
2026-08-24 10:22:00+00:00,20497.058,2809.025,46650.016,51031.89
2026-08-24 10:23:00+00:00,20497.218,2808.983,46650.09,51031.983
2026-08-24 10:24:00+00:00,20497.375,2808.646,46650.127,51032.079
2026-08-24 10:25:00+00:00,20497.378,2808.339,46650.108,51032.03
2026-08-24 10:26:00+00:00,20497.219,2808.347,46650.019,51031.912
2026-08-24 10:27:00+00:00,20497.004,2808.415,46650.042,51031.827
2026-08-24 10:28:00+00:00,20496.618,2808.744,46649.964,51031.643
2026-08-24 10:29:00+00:00,20496.386,2808.944,46650.036,51031.612
2026-08-24 10:30:00+00:00,20496.11,2809.099,46650.103,51031.545
2026-08-24 10:31:00+00:00,20495.914,2809.336,46650.017,51031.437
2026-08-24 10:32:00+00:00,20495.929,2809.384,46650.104,51031.53
2026-08-24 10:33:00+00:00,20496.093,2809.263,46650.133,51031.603
2026-08-24 10:34:00+00:00,20496.122,2809.345,46650.061,51031.566
2026-08-24 10:35:00+00:00,20496.325,2809.417,46650.054,51031.652
2026-08-24 10:36:00+00:00,20496.433,2809.352,46650.049,51031.727
2026-08-24 10:37:00+00:00,20496.586,2809.216,46650.085,51031.802
2026-08-24 10:38:00+00:00,20496.626,2809.281,46650.035,51031.773
2026-08-24 10:39:00+00:00,20496.684,2809.158,46650.071,51031.853
2026-08-24 10:40:00+00:00,20496.669,2809.309,46650.051,51031.796
2026-08-24 10:41:00+00:00,20496.911,2809.399,46650.036,51031.897
2026-08-24 10:42:00+00:00,20497.064,2809.414,46650.051,51031.955
2026-08-24 10:43:00+00:00,20497.158,2809.621,46650.024,51031.991
2026-08-24 10:44:00+00:00,20497.206,2809.81,46650.072,51032.024
2026-08-24 10:45:00+00:00,20497.285,2809.724,46650.088,51032.103
2026-08-24 10:46:00+00:00,20497.322,2809.544,46650.081,51032.145
2026-08-24 10:47:00+00:00,20497.278,2809.455,46650.093,51032.116
2026-08-24 10:48:00+00:00,20497.303,2809.339,46650.098,51032.093
2026-08-24 10:49:00+00:00,20497.317,2809.075,46650.096,51032.142
2026-08-24 10:50:00+00:00,20497.177,2808.728,46650.113,51032.063
2026-08-24 10:51:00+00:00,20497.072,2808.406,46650.18,51032.007
2026-08-24 10:52:00+00:00,20496.962,2808.249,46650.155,51031.928
2026-08-24 10:53:00+00:00,20497.057,2808.188,46650.064,51031.905
2026-08-24 10:54:00+00:00,20496.878,2808.288,46650.031,51031.808
2026-08-24 10:55:00+00:00,20496.86,2808.656,46649.942,51031.748
2026-08-24 10:56:00+00:00,20496.87,2809.113,46649.953,51031.813
2026-08-24 10:57:00+00:00,20496.947,2809.262,46650.07,51031.907
2026-08-24 10:58:00+00:00,20496.99,2809.457,46650.151,51031.963
2026-08-24 10:59:00+00:00,20497.123,2809.416,46650.22,51032.095
2026-08-24 11:00:00+00:00,20497.172,2809.424,46650.237,51032.097
2026-08-24 11:01:00+00:00,20497.085,2809.48,46650.282,51032.11
2026-08-24 11:02:00+00:00,20496.915,2809.406,46650.351,51032.07
2026-08-24 11:03:00+00:00,20496.7,2809.532,46650.367,51031.986
2026-08-24 11:04:00+00:00,20496.538,2809.577,46650.373,51031.935
2026-08-24 11:05:00+00:00,20496.356,2809.596,46650.29,51031.858
2026-08-24 11:06:00+00:00,20496.049,2809.837,46650.31,51031.753
2026-08-24 11:07:00+00:00,20495.852,2809.982,46650.381,51031.686
2026-08-24 11:08:00+00:00,20495.673,2810.205,46650.369,51031.625
2026-08-24 11:09:00+00:00,20495.421,2810.446,46650.288,51031.543
2026-08-24 11:10:00+00:00,20495.08,2810.794,46650.297,51031.436
2026-08-24 11:11:00+00:00,20494.939,2811.357,46650.343,51031.402
2026-08-24 11:12:00+00:00,20494.781,2811.86,46650.292,51031.389
2026-08-24 11:13:00+00:00,20494.584,2812.317,46650.379,51031.398
2026-08-24 11:14:00+00:00,20494.422,2812.536,46650.477,51031.432
2026-08-24 11:15:00+00:00,20494.492,2812.658,46650.567,51031.531
2026-08-24 11:16:00+00:00,20494.638,2812.503,46650.596,51031.624
2026-08-24 11:17:00+00:00,20494.65,2812.54,46650.562,51031.628
2026-08-24 11:18:00+00:00,20494.738,2812.515,46650.567,51031.688
2026-08-24 11:19:00+00:00,20494.747,2812.44,46650.577,51031.718
2026-08-24 11:20:00+00:00,20494.831,2812.541,46650.561,51031.713
2026-08-24 11:21:00+00:00,20494.842,2812.335,46650.616,51031.749
2026-08-24 11:22:00+00:00,20494.72,2812.185,46650.655,51031.723
2026-08-24 11:23:00+00:00,20494.729,2812.143,46650.642,51031.719
2026-08-24 11:24:00+00:00,20494.766,2812.071,46650.582,51031.716
2026-08-24 11:25:00+00:00,20494.716,2812.247,46650.539,51031.674
2026-08-24 11:26:00+00:00,20494.685,2812.356,46650.604,51031.716
2026-08-24 11:27:00+00:00,20494.681,2812.227,46650.706,51031.745
2026-08-24 11:28:00+00:00,20494.463,2812.553,46650.658,51031.659
2026-08-24 11:29:00+00:00,20494.813,2812.576,46650.712,51031.831
2026-08-24 11:30:00+00:00,20494.869,2812.363,46650.783,51031.92
2026-08-24 11:31:00+00:00,20494.915,2812.275,46650.733,51031.895
2026-08-24 11:32:00+00:00,20494.817,2812.409,46650.723,51031.882
2026-08-24 11:33:00+00:00,20495.08,2811.991,46650.881,51032.074
2026-08-24 11:34:00+00:00,20494.841,2812.089,46650.756,51031.878
2026-08-24 11:35:00+00:00,20495.048,2812.101,46650.854,51032.049
2026-08-24 11:36:00+00:00,20495.081,2811.919,46650.833,51032.045
2026-08-24 11:37:00+00:00,20495.144,2811.895,46650.859,51032.089
2026-08-24 11:38:00+00:00,20495.015,2812.082,46650.873,51032.046
2026-08-24 11:39:00+00:00,20495.01,2812.019,46650.957,51032.126
2026-08-24 11:40:00+00:00,20494.857,2812.207,46650.995,51032.067
2026-08-24 11:41:00+00:00,20494.865,2812.496,46651.047,51032.154
2026-08-24 11:42:00+00:00,20494.895,2812.76,46651.043,51032.193
2026-08-24 11:43:00+00:00,20494.799,2813.208,46651.095,51032.22
2026-08-24 11:44:00+00:00,20494.92,2813.496,46651.199,51032.395
2026-08-24 11:45:00+00:00,20494.825,2813.683,46651.258,51032.424
2026-08-24 11:46:00+00:00,20494.773,2813.887,46651.373,51032.509
2026-08-24 11:47:00+00:00,20494.836,2814.037,46651.476,51032.605
2026-08-24 11:48:00+00:00,20494.838,2814.208,46651.487,51032.648
2026-08-24 11:49:00+00:00,20494.765,2814.601,46651.497,51032.653
2026-08-24 11:50:00+00:00,20494.755,2814.963,46651.589,51032.76
2026-08-24 11:51:00+00:00,20494.807,2815.371,46651.653,51032.838
2026-08-24 11:52:00+00:00,20494.79,2815.621,46651.756,51032.938
2026-08-24 11:53:00+00:00,20494.708,2815.813,46651.849,51032.984
2026-08-24 11:54:00+00:00,20494.631,2815.957,46651.955,51033.063
2026-08-24 11:55:00+00:00,20494.476,2816.09,46651.941,51033.059
2026-08-24 11:56:00+00:00,20494.271,2816.196,46652.116,51033.081
2026-08-24 11:57:00+00:00,20494.165,2816.411,46652.159,51033.087
2026-08-24 11:58:00+00:00,20494.12,2816.608,46652.273,51033.149
2026-08-24 11:59:00+00:00,20494.124,2816.76,46652.285,51033.228
2026-08-24 12:00:00+00:00,20494.136,2816.819,46652.32,51033.287
2026-08-24 12:01:00+00:00,20494.165,2816.949,46652.387,51033.372
2026-08-24 12:02:00+00:00,20494.217,2817.067,46652.428,51033.452
2026-08-24 12:03:00+00:00,20494.244,2817.383,46652.481,51033.523
2026-08-24 12:04:00+00:00,20494.311,2817.755,46652.536,51033.6
2026-08-24 12:05:00+00:00,20494.342,2818.199,46652.658,51033.708
2026-08-24 12:06:00+00:00,20494.392,2818.29,46652.796,51033.851
2026-08-24 12:07:00+00:00,20494.285,2818.46,46652.795,51033.873
2026-08-24 12:08:00+00:00,20494.168,2818.892,46652.804,51033.881
2026-08-24 12:09:00+00:00,20494.108,2819.133,46652.92,51033.937
2026-08-24 12:10:00+00:00,20494.153,2819.405,46652.957,51034.015
2026-08-24 12:11:00+00:00,20494.13,2819.426,46653.149,51034.099
2026-08-24 12:12:00+00:00,20494.073,2819.714,46653.139,51034.132
2026-08-24 12:13:00+00:00,20494.058,2819.869,46653.222,51034.192
2026-08-24 12:14:00+00:00,20494.203,2819.91,46653.297,51034.304
2026-08-24 12:15:00+00:00,20494.279,2820.067,46653.306,51034.369
2026-08-24 12:16:00+00:00,20494.284,2820.276,46653.378,51034.433
2026-08-24 12:17:00+00:00,20494.248,2820.304,46653.516,51034.54
2026-08-24 12:18:00+00:00,20494.314,2820.3,46653.583,51034.619
2026-08-24 12:19:00+00:00,20494.249,2820.544,46653.611,51034.62
2026-08-24 12:20:00+00:00,20494.167,2820.86,46653.7,51034.699
2026-08-24 12:21:00+00:00,20494.133,2820.998,46653.859,51034.808
2026-08-24 12:22:00+00:00,20494.07,2821.154,46653.917,51034.875
2026-08-24 12:23:00+00:00,20493.946,2821.357,46653.997,51034.928
2026-08-24 12:24:00+00:00,20493.92,2821.659,46654.104,51034.98
2026-08-24 12:25:00+00:00,20493.875,2822.062,46654.168,51035.024
2026-08-24 12:26:00+00:00,20493.869,2822.325,46654.275,51035.116
2026-08-24 12:27:00+00:00,20493.921,2822.385,46654.311,51035.218
2026-08-24 12:28:00+00:00,20493.83,2822.606,46654.327,51035.204
2026-08-24 12:29:00+00:00,20493.807,2822.683,46654.404,51035.293
2026-08-24 12:30:00+00:00,20493.879,2822.557,46654.42,51035.343
2026-08-24 12:31:00+00:00,20493.768,2822.655,46654.491,51035.349
2026-08-24 12:32:00+00:00,20493.779,2822.657,46654.504,51035.382
2026-08-24 12:33:00+00:00,20493.574,2822.985,46654.52,51035.332
2026-08-24 12:34:00+00:00,20493.32,2823.449,46654.584,51035.342
2026-08-24 12:35:00+00:00,20493.182,2823.852,46654.728,51035.387
2026-08-24 12:36:00+00:00,20493.07,2824.074,46654.859,51035.464
2026-08-24 12:37:00+00:00,20493.026,2824.333,46654.914,51035.495
2026-08-24 12:38:00+00:00,20492.946,2824.766,46654.971,51035.579
2026-08-24 12:39:00+00:00,20492.97,2825.072,46655.082,51035.696
2026-08-24 12:40:00+00:00,20492.969,2825.388,46655.187,51035.794
2026-08-24 12:41:00+00:00,20493.045,2825.603,46655.228,51035.946
2026-08-24 12:42:00+00:00,20493.158,2825.633,46655.33,51036.075
2026-08-24 12:43:00+00:00,20492.953,2825.502,46655.517,51036.161
2026-08-24 12:44:00+00:00,20492.548,2825.981,46655.486,51035.963
2026-08-24 12:45:00+00:00,20492.276,2826.476,46655.628,51035.99
2026-08-24 12:46:00+00:00,20492.198,2826.799,46655.684,51036.048
2026-08-24 12:47:00+00:00,20492.043,2827.063,46655.79,51036.097
2026-08-24 12:48:00+00:00,20492.043,2827.185,46655.837,51036.137
2026-08-24 12:49:00+00:00,20491.887,2827.162,46655.934,51036.144
2026-08-24 12:50:00+00:00,20491.911,2827.17,46655.92,51036.148
2026-08-24 12:51:00+00:00,20491.866,2827.337,46655.921,51036.136
2026-08-24 12:52:00+00:00,20491.908,2827.498,46655.937,51036.169
2026-08-24 12:53:00+00:00,20491.883,2827.659,46655.941,51036.2
2026-08-24 12:54:00+00:00,20491.862,2827.647,46656.005,51036.251
2026-08-24 12:55:00+00:00,20491.777,2827.876,46656.022,51036.222
2026-08-24 12:56:00+00:00,20491.655,2828.264,46656.029,51036.23
2026-08-24 12:57:00+00:00,20491.579,2828.52,46656.109,51036.272
2026-08-24 12:58:00+00:00,20491.422,2828.924,46656.173,51036.277
2026-08-24 12:59:00+00:00,20491.188,2829.314,46656.307,51036.315
2026-08-24 13:00:00+00:00,20491.013,2829.7,46656.346,51036.327
2026-08-24 13:01:00+00:00,20490.894,2830.157,46656.407,51036.361
2026-08-24 13:02:00+00:00,20490.664,2830.488,46656.465,51036.378
2026-08-24 13:03:00+00:00,20490.5,2830.752,46656.607,51036.42
2026-08-24 13:04:00+00:00,20490.371,2830.913,46656.605,51036.425
2026-08-24 13:05:00+00:00,20490.274,2831.342,46656.601,51036.436
2026-08-24 13:06:00+00:00,20490.217,2831.603,46656.671,51036.478
2026-08-24 13:07:00+00:00,20490.049,2831.858,46656.752,51036.494
2026-08-24 13:08:00+00:00,20489.964,2832.185,46656.76,51036.496
2026-08-24 13:09:00+00:00,20489.683,2832.754,46656.822,51036.448
2026-08-24 13:10:00+00:00,20489.519,2833.242,46656.888,51036.502
2026-08-24 13:11:00+00:00,20489.238,2833.718,46656.98,51036.477
2026-08-24 13:12:00+00:00,20488.872,2834.152,46657.083,51036.46
2026-08-24 13:13:00+00:00,20488.603,2834.479,46657.144,51036.428
2026-08-24 13:14:00+00:00,20488.296,2834.805,46657.184,51036.4
2026-08-24 13:15:00+00:00,20488.162,2834.574,46657.304,51036.404
2026-08-24 13:16:00+00:00,20487.871,2834.582,46657.246,51036.27
2026-08-24 13:17:00+00:00,20487.665,2834.537,46657.237,51036.125
2026-08-24 13:18:00+00:00,20487.467,2834.63,46657.186,51036.029
2026-08-24 13:19:00+00:00,20487.333,2834.747,46657.126,51035.939
2026-08-24 13:20:00+00:00,20487.239,2834.765,46657.055,51035.838
2026-08-24 13:21:00+00:00,20487.094,2835.068,46657.04,51035.737
2026-08-24 13:22:00+00:00,20486.818,2835.598,46656.992,51035.622
2026-08-24 13:23:00+00:00,20486.606,2836.152,46657.01,51035.595
2026-08-24 13:24:00+00:00,20486.391,2836.75,46657.05,51035.543
2026-08-24 13:25:00+00:00,20486.216,2837.173,46657.103,51035.569
2026-08-24 13:26:00+00:00,20485.967,2837.557,46657.13,51035.505
2026-08-24 13:27:00+00:00,20485.646,2838.092,46657.167,51035.448
2026-08-24 13:28:00+00:00,20485.367,2838.507,46657.192,51035.406
2026-08-24 13:29:00+00:00,20485.048,2838.9,46657.254,51035.334
2026-08-24 13:30:00+00:00,20484.835,2839.073,46657.245,51035.279
2026-08-24 13:31:00+00:00,20484.522,2839.334,46657.345,51035.222
2026-08-24 13:32:00+00:00,20484.379,2839.42,46657.293,51035.11
2026-08-24 13:33:00+00:00,20484.041,2839.766,46657.294,51034.998
2026-08-24 13:34:00+00:00,20483.823,2840.008,46657.262,51034.929
2026-08-24 13:35:00+00:00,20483.511,2840.3,46657.288,51034.824
2026-08-24 13:36:00+00:00,20483.225,2840.571,46657.256,51034.718
2026-08-24 13:37:00+00:00,20482.922,2841.003,46657.236,51034.613
2026-08-24 13:38:00+00:00,20482.568,2841.409,46657.246,51034.499
2026-08-24 13:39:00+00:00,20482.256,2841.751,46657.246,51034.389
2026-08-24 13:40:00+00:00,20481.959,2841.977,46657.224,51034.308
2026-08-24 13:41:00+00:00,20481.626,2842.152,46657.256,51034.209
2026-08-24 13:42:00+00:00,20481.539,2842.044,46657.273,51034.173
2026-08-24 13:43:00+00:00,20481.272,2842.019,46657.265,51034.029
2026-08-24 13:44:00+00:00,20481.115,2842.032,46657.189,51033.903
2026-08-24 13:45:00+00:00,20480.914,2842.064,46657.174,51033.806
2026-08-24 13:46:00+00:00,20480.666,2842.238,46657.049,51033.634
2026-08-24 13:47:00+00:00,20480.322,2842.641,46656.981,51033.493
2026-08-24 13:48:00+00:00,20479.949,2843.053,46657.012,51033.359
2026-08-24 13:49:00+00:00,20479.541,2843.605,46657.022,51033.222
2026-08-24 13:50:00+00:00,20479.189,2844.046,46657.023,51033.134
2026-08-24 13:51:00+00:00,20478.821,2844.456,46657.039,51033.027
2026-08-24 13:52:00+00:00,20478.371,2844.984,46657.088,51032.878
2026-08-24 13:53:00+00:00,20477.938,2845.561,46657.114,51032.763
2026-08-24 13:54:00+00:00,20477.487,2846.113,46657.17,51032.682
2026-08-24 13:55:00+00:00,20477.095,2846.647,46657.198,51032.592
2026-08-24 13:56:00+00:00,20476.72,2847.213,46657.195,51032.49
2026-08-24 13:57:00+00:00,20476.303,2847.833,46657.305,51032.402
2026-08-24 13:58:00+00:00,20475.998,2848.196,46657.424,51032.372
2026-08-24 13:59:00+00:00,20475.736,2848.409,46657.502,51032.334
2026-08-24 14:00:00+00:00,20475.482,2848.593,46657.468,51032.25
2026-08-24 14:01:00+00:00,20475.164,2848.876,46657.415,51032.135
2026-08-24 14:02:00+00:00,20474.925,2848.861,46657.508,51032.102
2026-08-24 14:03:00+00:00,20474.665,2848.693,46657.501,51032.01
2026-08-24 14:04:00+00:00,20474.425,2848.543,46657.489,51031.86
2026-08-24 14:05:00+00:00,20474.193,2848.498,46657.469,51031.752
2026-08-24 14:06:00+00:00,20473.994,2848.461,46657.36,51031.591
2026-08-24 14:07:00+00:00,20473.638,2848.62,46657.405,51031.481
2026-08-24 14:08:00+00:00,20473.361,2848.693,46657.372,51031.323
2026-08-24 14:09:00+00:00,20473.095,2848.831,46657.365,51031.221
2026-08-24 14:10:00+00:00,20472.699,2849.233,46657.325,51031.032
2026-08-24 14:11:00+00:00,20472.354,2849.381,46657.354,51030.946
2026-08-24 14:12:00+00:00,20472.035,2849.664,46657.367,51030.83
2026-08-24 14:13:00+00:00,20471.796,2849.576,46657.449,51030.78
2026-08-24 14:14:00+00:00,20471.527,2849.731,46657.406,51030.637
2026-08-24 14:15:00+00:00,20471.209,2849.904,46657.369,51030.499
2026-08-24 14:16:00+00:00,20470.984,2850.033,46657.373,51030.418
2026-08-24 14:17:00+00:00,20470.831,2849.848,46657.393,51030.361
2026-08-24 14:18:00+00:00,20470.6,2849.78,46657.294,51030.22
2026-08-24 14:19:00+00:00,20470.536,2849.509,46657.358,51030.187
2026-08-24 14:20:00+00:00,20470.231,2849.461,46657.329,51030.013
2026-08-24 14:21:00+00:00,20470.068,2849.283,46657.31,51029.911
2026-08-24 14:22:00+00:00,20469.662,2849.596,46657.145,51029.704
2026-08-24 14:23:00+00:00,20469.477,2849.728,46657.163,51029.62
2026-08-24 14:24:00+00:00,20469.169,2849.815,46657.149,51029.492
2026-08-24 14:25:00+00:00,20468.917,2850.082,46657.185,51029.374
2026-08-24 14:26:00+00:00,20468.483,2850.498,46657.154,51029.216
2026-08-24 14:27:00+00:00,20468.243,2850.729,46657.124,51029.156
2026-08-24 14:28:00+00:00,20467.857,2851.101,46657.092,51028.997
2026-08-24 14:29:00+00:00,20467.658,2851.386,46657.164,51028.938
2026-08-24 14:30:00+00:00,20467.169,2851.653,46657.203,51028.776
2026-08-24 14:31:00+00:00,20466.909,2851.663,46657.218,51028.715
2026-08-24 14:32:00+00:00,20466.583,2851.717,46657.188,51028.562
2026-08-24 14:33:00+00:00,20466.303,2851.555,46657.176,51028.438
2026-08-24 14:34:00+00:00,20466.039,2851.437,46657.139,51028.288
2026-08-24 14:35:00+00:00,20465.685,2851.419,46657.067,51028.071
2026-08-24 14:36:00+00:00,20465.32,2851.593,46656.992,51027.863
2026-08-24 14:37:00+00:00,20464.969,2851.647,46657.009,51027.72
2026-08-24 14:38:00+00:00,20464.568,2851.443,46656.995,51027.541
2026-08-24 14:39:00+00:00,20464.114,2851.587,46656.82,51027.267
2026-08-24 14:40:00+00:00,20463.81,2851.517,46656.812,51027.103
2026-08-24 14:41:00+00:00,20463.447,2851.533,46656.746,51026.883
2026-08-24 14:42:00+00:00,20462.917,2851.898,46656.598,51026.561
2026-08-24 14:43:00+00:00,20462.556,2852.239,46656.591,51026.413
2026-08-24 14:44:00+00:00,20462.194,2852.387,46656.518,51026.254
2026-08-24 14:45:00+00:00,20462.036,2852.236,46656.47,51026.146
2026-08-24 14:46:00+00:00,20461.476,2852.257,46656.442,51025.872
2026-08-24 14:47:00+00:00,20461.349,2851.881,46656.43,51025.794
2026-08-24 14:48:00+00:00,20461.131,2851.578,46656.291,51025.575
2026-08-24 14:49:00+00:00,20461.076,2851.057,46656.218,51025.442
2026-08-24 14:50:00+00:00,20460.957,2850.547,46656.104,51025.253
2026-08-24 14:51:00+00:00,20460.744,2850.319,46655.855,51024.946
2026-08-24 14:52:00+00:00,20460.507,2850.306,46655.753,51024.742
2026-08-24 14:53:00+00:00,20460.346,2850.186,46655.648,51024.521
2026-08-24 14:54:00+00:00,20459.96,2850.386,46655.43,51024.235
2026-08-24 14:55:00+00:00,20459.852,2850.445,46655.316,51024.056
2026-08-24 14:56:00+00:00,20459.614,2850.543,46655.102,51023.802
2026-08-24 14:57:00+00:00,20459.229,2850.854,46654.936,51023.535
2026-08-24 14:58:00+00:00,20458.941,2850.903,46654.908,51023.352
2026-08-24 14:59:00+00:00,20458.682,2850.921,46654.665,51023.064
2026-08-24 15:00:00+00:00,20458.271,2851.105,46654.546,51022.772
2026-08-24 15:01:00+00:00,20457.952,2850.954,46654.421,51022.558
2026-08-24 15:02:00+00:00,20457.652,2850.628,46654.282,51022.295
2026-08-24 15:03:00+00:00,20457.513,2850.11,46654.181,51022.079
2026-08-24 15:04:00+00:00,20457.493,2849.434,46654.076,51021.871
2026-08-24 15:05:00+00:00,20457.532,2848.865,46653.781,51021.622
2026-08-24 15:06:00+00:00,20457.278,2848.811,46653.477,51021.25
2026-08-24 15:07:00+00:00,20457.152,2848.57,46653.263,51021.03
2026-08-24 15:08:00+00:00,20456.841,2848.401,46653.05,51020.707
2026-08-24 15:09:00+00:00,20456.538,2848.081,46652.906,51020.433
2026-08-24 15:10:00+00:00,20456.299,2847.92,46652.681,51020.097
2026-08-24 15:11:00+00:00,20456.219,2847.589,46652.432,51019.86
2026-08-24 15:12:00+00:00,20455.977,2847.477,46652.154,51019.509
2026-08-24 15:13:00+00:00,20456.038,2847.069,46651.98,51019.34
2026-08-24 15:14:00+00:00,20455.963,2846.867,46651.654,51019.021
2026-08-24 15:15:00+00:00,20455.701,2846.697,46651.475,51018.754
2026-08-24 15:16:00+00:00,20455.421,2846.466,46651.289,51018.433
2026-08-24 15:17:00+00:00,20455.111,2846.188,46651.131,51018.138
2026-08-24 15:18:00+00:00,20455.088,2845.785,46650.918,51017.896
2026-08-24 15:19:00+00:00,20454.845,2845.744,46650.681,51017.554
2026-08-24 15:20:00+00:00,20454.702,2845.674,46650.478,51017.275
2026-08-24 15:21:00+00:00,20454.376,2845.645,46650.275,51016.977
2026-08-24 15:22:00+00:00,20454.199,2845.523,46650.106,51016.725
2026-08-24 15:23:00+00:00,20453.981,2845.31,46649.877,51016.468
2026-08-24 15:24:00+00:00,20453.92,2844.851,46649.683,51016.239
2026-08-24 15:25:00+00:00,20453.552,2844.937,46649.476,51015.845
2026-08-24 15:26:00+00:00,20453.454,2844.447,46649.355,51015.69
2026-08-24 15:27:00+00:00,20453.208,2844.095,46649.071,51015.344
2026-08-24 15:28:00+00:00,20453.102,2843.534,46648.906,51015.14
2026-08-24 15:29:00+00:00,20453.119,2843.038,46648.662,51014.899
2026-08-24 15:30:00+00:00,20453.26,2842.651,46648.379,51014.69
2026-08-24 15:31:00+00:00,20452.957,2842.713,46648.127,51014.326
2026-08-24 15:32:00+00:00,20453.019,2842.193,46647.975,51014.218
2026-08-24 15:33:00+00:00,20452.847,2842.146,46647.767,51013.9
2026-08-24 15:34:00+00:00,20452.526,2841.854,46647.673,51013.616
2026-08-24 15:35:00+00:00,20452.375,2841.591,46647.48,51013.391
2026-08-24 15:36:00+00:00,20452.286,2841.178,46647.289,51013.148
2026-08-24 15:37:00+00:00,20452.098,2840.978,46647.019,51012.857
2026-08-24 15:38:00+00:00,20452.033,2840.805,46646.838,51012.635
2026-08-24 15:39:00+00:00,20451.947,2840.563,46646.648,51012.438
2026-08-24 15:40:00+00:00,20451.811,2839.942,46646.531,51012.259
2026-08-24 15:41:00+00:00,20451.815,2839.276,46646.335,51012.048
2026-08-24 15:42:00+00:00,20451.777,2838.623,46646.098,51011.784
2026-08-24 15:43:00+00:00,20451.679,2838.178,46645.892,51011.507
2026-08-24 15:44:00+00:00,20451.58,2837.746,46645.676,51011.211
2026-08-24 15:45:00+00:00,20451.392,2837.44,46645.47,51010.914
2026-08-24 15:46:00+00:00,20451.2,2836.98,46645.319,51010.617
2026-08-24 15:47:00+00:00,20451.015,2836.751,46644.997,51010.315
2026-08-24 15:48:00+00:00,20450.894,2836.391,46644.832,51010.046
2026-08-24 15:49:00+00:00,20450.604,2836.151,46644.573,51009.707
2026-08-24 15:50:00+00:00,20450.371,2836.002,46644.34,51009.416
2026-08-24 15:51:00+00:00,20450.187,2835.793,46644.106,51009.1
2026-08-24 15:52:00+00:00,20450.099,2835.596,46643.851,51008.839
2026-08-24 15:53:00+00:00,20449.984,2835.416,46643.544,51008.54
2026-08-24 15:54:00+00:00,20449.867,2835.203,46643.324,51008.282
2026-08-24 15:55:00+00:00,20449.778,2834.8,46643.1,51008.028
2026-08-24 15:56:00+00:00,20449.654,2834.282,46642.892,51007.74
2026-08-24 15:57:00+00:00,20449.639,2833.706,46642.656,51007.496
2026-08-24 15:58:00+00:00,20449.665,2833.09,46642.401,51007.242
2026-08-24 15:59:00+00:00,20449.747,2832.368,46642.103,51006.989
2026-08-24 16:00:00+00:00,20449.782,2831.898,46641.739,51006.647
2026-08-24 16:01:00+00:00,20449.856,2831.294,46641.521,51006.409
2026-08-24 16:02:00+00:00,20449.872,2830.646,46641.21,51006.106
2026-08-24 16:03:00+00:00,20450.033,2830.147,46640.807,51005.833
2026-08-24 16:04:00+00:00,20450.036,2829.897,46640.429,51005.47
2026-08-24 16:05:00+00:00,20449.908,2829.548,46640.145,51005.146
2026-08-24 16:06:00+00:00,20449.771,2829.247,46639.839,51004.773
2026-08-24 16:07:00+00:00,20449.735,2828.859,46639.505,51004.441
2026-08-24 16:08:00+00:00,20449.645,2828.587,46639.156,51004.09
2026-08-24 16:09:00+00:00,20449.63,2828.216,46638.834,51003.768
2026-08-24 16:10:00+00:00,20449.627,2827.842,46638.503,51003.436
2026-08-24 16:11:00+00:00,20449.639,2827.438,46638.2,51003.13
2026-08-24 16:12:00+00:00,20449.63,2826.931,46637.821,51002.804
2026-08-24 16:13:00+00:00,20449.711,2826.357,46637.506,51002.509
2026-08-24 16:14:00+00:00,20449.823,2825.76,46637.185,51002.193
2026-08-24 16:15:00+00:00,20449.862,2825.36,46636.798,51001.844
2026-08-24 16:16:00+00:00,20449.999,2824.909,46636.452,51001.56
2026-08-24 16:17:00+00:00,20450.179,2824.46,46636.093,51001.295
2026-08-24 16:18:00+00:00,20450.286,2823.94,46635.823,51001.017
2026-08-24 16:19:00+00:00,20450.485,2823.39,46635.518,51000.758
2026-08-24 16:20:00+00:00,20450.626,2822.825,46635.239,51000.535
2026-08-24 16:21:00+00:00,20450.829,2822.219,46634.914,51000.308
2026-08-24 16:22:00+00:00,20450.882,2821.835,46634.583,51000.003
2026-08-24 16:23:00+00:00,20450.854,2821.556,46634.275,50999.705
2026-08-24 16:24:00+00:00,20450.815,2821.314,46633.972,50999.403
2026-08-24 16:25:00+00:00,20450.966,2821.013,46633.652,50999.173
2026-08-24 16:26:00+00:00,20450.585,2820.639,46633.465,50998.799
2026-08-24 16:27:00+00:00,20450.753,2820.169,46633.227,50998.626
2026-08-24 16:28:00+00:00,20450.976,2819.622,46632.896,50998.411
2026-08-24 16:29:00+00:00,20451.017,2818.95,46632.722,50998.158
2026-08-24 16:30:00+00:00,20450.797,2818.517,46632.469,50997.782
2026-08-24 16:31:00+00:00,20450.824,2818.239,46632.106,50997.484
2026-08-24 16:32:00+00:00,20450.921,2818.277,46631.731,50997.168
2026-08-24 16:33:00+00:00,20450.918,2818.052,46631.487,50996.954
2026-08-24 16:34:00+00:00,20451.081,2817.691,46631.249,50996.755
2026-08-24 16:35:00+00:00,20451.104,2817.523,46630.929,50996.472
2026-08-24 16:36:00+00:00,20451.184,2817.017,46630.753,50996.295
2026-08-24 16:37:00+00:00,20451.34,2816.492,46630.488,50996.071
2026-08-24 16:38:00+00:00,20451.494,2816.125,46630.216,50995.869
2026-08-24 16:39:00+00:00,20451.741,2815.547,46629.969,50995.722
2026-08-24 16:40:00+00:00,20451.84,2815.032,46629.76,50995.51
2026-08-24 16:41:00+00:00,20451.781,2814.706,46629.513,50995.248
2026-08-24 16:42:00+00:00,20451.847,2814.312,46629.287,50995.065
2026-08-24 16:43:00+00:00,20451.919,2813.809,46629.069,50994.891
2026-08-24 16:44:00+00:00,20451.913,2813.22,46628.876,50994.667
2026-08-24 16:45:00+00:00,20451.924,2812.765,46628.689,50994.464
2026-08-24 16:46:00+00:00,20451.979,2812.25,46628.578,50994.331
2026-08-24 16:47:00+00:00,20452.043,2811.761,46628.383,50994.138
2026-08-24 16:48:00+00:00,20452.097,2811.395,46628.223,50993.975
2026-08-24 16:49:00+00:00,20452.161,2810.77,46628.091,50993.848
2026-08-24 16:50:00+00:00,20452.434,2810.08,46627.975,50993.783
2026-08-24 16:51:00+00:00,20452.622,2809.502,46627.721,50993.647
2026-08-24 16:52:00+00:00,20452.701,2808.958,46627.602,50993.521
2026-08-24 16:53:00+00:00,20453.007,2808.431,46627.435,50993.452
2026-08-24 16:54:00+00:00,20453.332,2807.874,46627.275,50993.414
2026-08-24 16:55:00+00:00,20453.334,2807.336,46627.096,50993.26
2026-08-24 16:56:00+00:00,20453.512,2806.78,46626.953,50993.178
2026-08-24 16:57:00+00:00,20453.614,2806.241,46626.763,50993.027
2026-08-24 16:58:00+00:00,20453.625,2805.559,46626.699,50992.883
2026-08-24 16:59:00+00:00,20453.517,2805.141,46626.504,50992.628
2026-08-24 17:00:00+00:00,20453.528,2804.687,46626.322,50992.468
2026-08-24 17:01:00+00:00,20453.505,2804.165,46626.092,50992.226
2026-08-24 17:02:00+00:00,20453.518,2803.726,46625.91,50992.059
2026-08-24 17:03:00+00:00,20453.48,2803.296,46625.676,50991.826
2026-08-24 17:04:00+00:00,20453.552,2802.916,46625.572,50991.674
2026-08-24 17:05:00+00:00,20453.575,2802.461,46625.405,50991.516
2026-08-24 17:06:00+00:00,20453.467,2802.024,46625.152,50991.311
2026-08-24 17:07:00+00:00,20453.569,2801.464,46625.018,50991.197
2026-08-24 17:08:00+00:00,20453.169,2801.414,46624.831,50990.846
2026-08-24 17:09:00+00:00,20453.278,2800.873,46624.816,50990.797
2026-08-24 17:10:00+00:00,20453.148,2800.297,46624.707,50990.626
2026-08-24 17:11:00+00:00,20453.363,2799.491,46624.675,50990.615
2026-08-24 17:12:00+00:00,20453.474,2799.113,46624.465,50990.45
2026-08-24 17:13:00+00:00,20453.571,2798.375,46624.455,50990.442
2026-08-24 17:14:00+00:00,20453.475,2797.872,46624.321,50990.269
2026-08-24 17:15:00+00:00,20453.633,2797.255,46624.256,50990.217
2026-08-24 17:16:00+00:00,20453.554,2797.027,46624.205,50990.067
2026-08-24 17:17:00+00:00,20453.48,2796.713,46624.111,50989.986
2026-08-24 17:18:00+00:00,20453.371,2796.469,46624.025,50989.858
2026-08-24 17:19:00+00:00,20453.451,2796.051,46624.005,50989.845
2026-08-24 17:20:00+00:00,20453.678,2795.438,46623.995,50989.884
2026-08-24 17:21:00+00:00,20454.004,2794.859,46623.897,50989.909
2026-08-24 17:22:00+00:00,20454.059,2794.605,46623.789,50989.789
2026-08-24 17:23:00+00:00,20454.287,2794.242,46623.811,50989.852
2026-08-24 17:24:00+00:00,20454.553,2794.097,46623.797,50989.893
2026-08-24 17:25:00+00:00,20454.89,2793.728,46623.748,50990.002
2026-08-24 17:26:00+00:00,20455.031,2793.461,46623.714,50990.019
2026-08-24 17:27:00+00:00,20455.141,2793.238,46623.666,50990.015
2026-08-24 17:28:00+00:00,20455.297,2792.97,46623.656,50990.07
2026-08-24 17:29:00+00:00,20455.417,2792.686,46623.621,50990.093
2026-08-24 17:30:00+00:00,20455.531,2792.34,46623.663,50990.121
2026-08-24 17:31:00+00:00,20455.535,2792.152,46623.634,50990.071
2026-08-24 17:32:00+00:00,20455.695,2791.64,46623.66,50990.161
2026-08-24 17:33:00+00:00,20456.104,2791.171,46623.609,50990.236
2026-08-24 17:34:00+00:00,20455.724,2790.851,46623.589,50990.073
2026-08-24 17:35:00+00:00,20456.109,2790.611,46623.573,50990.196
2026-08-24 17:36:00+00:00,20456.086,2790.263,46623.592,50990.151
2026-08-24 17:37:00+00:00,20456.092,2789.912,46623.654,50990.214
2026-08-24 17:38:00+00:00,20456.679,2789.69,46623.503,50990.333
2026-08-24 17:39:00+00:00,20456.268,2789.429,46623.627,50990.286
2026-08-24 17:40:00+00:00,20457.062,2788.841,46623.597,50990.548
2026-08-24 17:41:00+00:00,20457.012,2788.638,46623.572,50990.509
2026-08-24 17:42:00+00:00,20457.158,2788.701,46623.514,50990.54
2026-08-24 17:43:00+00:00,20457.261,2788.523,46623.559,50990.638
2026-08-24 17:44:00+00:00,20457.665,2788.291,46623.567,50990.785
2026-08-24 17:45:00+00:00,20457.681,2788.05,46623.597,50990.83
2026-08-24 17:46:00+00:00,20457.959,2787.668,46623.615,50990.92
2026-08-24 17:47:00+00:00,20457.698,2787.457,46623.662,50990.839
2026-08-24 17:48:00+00:00,20457.785,2787.059,46623.707,50990.896
2026-08-24 17:49:00+00:00,20457.834,2786.5,46623.799,50990.936
2026-08-24 17:50:00+00:00,20457.913,2786.036,46623.832,50990.95
2026-08-24 17:51:00+00:00,20458.164,2785.519,46623.895,50991.072
2026-08-24 17:52:00+00:00,20458.268,2785.07,46623.856,50991.089
2026-08-24 17:53:00+00:00,20458.432,2784.631,46623.836,50991.16
2026-08-24 17:54:00+00:00,20458.687,2784.333,46623.802,50991.151
2026-08-24 17:55:00+00:00,20458.74,2784.248,46623.748,50991.146
2026-08-24 17:56:00+00:00,20459.232,2783.957,46623.841,50991.366
2026-08-24 17:57:00+00:00,20459.347,2783.647,46623.847,50991.416
2026-08-24 17:58:00+00:00,20459.407,2783.373,46623.913,50991.484
2026-08-24 17:59:00+00:00,20459.681,2783.047,46623.956,50991.591
2026-08-24 18:00:00+00:00,20459.527,2782.973,46623.971,50991.538
2026-08-24 18:01:00+00:00,20459.614,2782.711,46624.055,50991.627
2026-08-24 18:02:00+00:00,20459.719,2782.277,46624.158,50991.733
2026-08-24 18:03:00+00:00,20459.792,2782.079,46624.111,50991.725
2026-08-24 18:04:00+00:00,20460.272,2781.89,46624.136,50991.887
2026-08-24 18:05:00+00:00,20460.581,2781.736,46624.13,50992.035
2026-08-24 18:06:00+00:00,20460.539,2782.085,46624.056,50992.019
2026-08-24 18:07:00+00:00,20460.905,2781.665,46624.278,50992.303
2026-08-24 18:08:00+00:00,20460.904,2781.217,46624.429,50992.395
2026-08-24 18:09:00+00:00,20461.244,2779.941,46624.614,50992.617
2026-08-24 18:10:00+00:00,20461.456,2779.85,46624.457,50992.522
2026-08-24 18:11:00+00:00,20462.189,2779.63,46624.476,50992.824
2026-08-24 18:12:00+00:00,20462.721,2779.717,46624.413,50993.006
2026-08-24 18:13:00+00:00,20463.057,2779.856,46624.466,50993.205
2026-08-24 18:14:00+00:00,20463.607,2779.676,46624.589,50993.493
2026-08-24 18:15:00+00:00,20463.906,2779.292,46624.673,50993.658
2026-08-24 18:16:00+00:00,20464.101,2778.842,46624.682,50993.766
2026-08-24 18:17:00+00:00,20464.214,2778.41,46624.699,50993.811
2026-08-24 18:18:00+00:00,20464.344,2778.203,46624.687,50993.815
2026-08-24 18:19:00+00:00,20464.77,2777.839,46624.75,50994.029
2026-08-24 18:20:00+00:00,20465.109,2777.598,46624.748,50994.168
2026-08-24 18:21:00+00:00,20465.44,2777.295,46624.874,50994.355
2026-08-24 18:22:00+00:00,20465.824,2776.955,46624.917,50994.56
2026-08-24 18:23:00+00:00,20466.002,2776.72,46624.976,50994.691
2026-08-24 18:24:00+00:00,20466.255,2776.587,46625.066,50994.858
2026-08-24 18:25:00+00:00,20466.277,2776.022,46625.282,50995.001
2026-08-24 18:26:00+00:00,20466.291,2775.386,46625.45,50995.124
2026-08-24 18:27:00+00:00,20466.384,2774.998,46625.518,50995.188
2026-08-24 18:28:00+00:00,20466.666,2774.645,46625.591,50995.362
2026-08-24 18:29:00+00:00,20466.878,2774.369,46625.702,50995.524
2026-08-24 18:30:00+00:00,20466.762,2774.249,46625.803,50995.558
2026-08-24 18:31:00+00:00,20467.118,2774.054,46625.924,50995.828
2026-08-24 18:32:00+00:00,20467.451,2773.687,46626.133,50996.091
2026-08-24 18:33:00+00:00,20467.802,2773.088,46626.255,50996.339
2026-08-24 18:34:00+00:00,20468.135,2773.039,46626.26,50996.474
2026-08-24 18:35:00+00:00,20468.707,2773.23,46626.278,50996.716
2026-08-24 18:36:00+00:00,20469.044,2773.273,46626.436,50996.978
2026-08-24 18:37:00+00:00,20469.068,2773.187,46626.535,50997.116
2026-08-24 18:38:00+00:00,20469.225,2773.142,46626.645,50997.257
2026-08-24 18:39:00+00:00,20469.585,2773.15,46626.729,50997.494
2026-08-24 18:40:00+00:00,20469.977,2772.801,46626.885,50997.761
2026-08-24 18:41:00+00:00,20470.15,2772.623,46626.961,50997.88
2026-08-24 18:42:00+00:00,20470.678,2772.473,46627.079,50998.18
2026-08-24 18:43:00+00:00,20471.006,2772.186,46627.167,50998.377
2026-08-24 18:44:00+00:00,20471.161,2772.21,46627.249,50998.459
2026-08-24 18:45:00+00:00,20471.622,2772.098,46627.369,50998.755
2026-08-24 18:46:00+00:00,20471.999,2771.755,46627.412,50998.976
2026-08-24 18:47:00+00:00,20471.953,2771.64,46627.376,50998.977
2026-08-24 18:48:00+00:00,20472.145,2771.288,46627.525,50999.165
2026-08-24 18:49:00+00:00,20471.794,2770.961,46627.526,50999.037
2026-08-24 18:50:00+00:00,20471.465,2770.714,46627.595,50998.989
2026-08-24 18:51:00+00:00,20470.946,2770.265,46627.688,50998.832
2026-08-24 18:52:00+00:00,20470.583,2770.034,46627.723,50998.671
2026-08-24 18:53:00+00:00,20470.554,2769.764,46627.757,50998.683
2026-08-24 18:54:00+00:00,20470.212,2769.647,46627.83,50998.582
2026-08-24 18:55:00+00:00,20469.871,2769.591,46627.891,50998.491
2026-08-24 18:56:00+00:00,20469.395,2769.843,46627.944,50998.355
2026-08-24 18:57:00+00:00,20469.581,2769.524,46628.127,50998.532
2026-08-24 18:58:00+00:00,20469.54,2769.442,46628.085,50998.509
2026-08-24 18:59:00+00:00,20469.534,2769.334,46628.148,50998.599
2026-08-24 19:00:00+00:00,20469.429,2769.224,46628.213,50998.581
2026-08-24 19:01:00+00:00,20469.681,2768.946,46628.28,50998.746
2026-08-24 19:02:00+00:00,20469.625,2768.846,46628.305,50998.738
2026-08-24 19:03:00+00:00,20469.644,2768.755,46628.361,50998.79
2026-08-24 19:04:00+00:00,20469.514,2768.544,46628.47,50998.784
2026-08-24 19:05:00+00:00,20469.333,2768.32,46628.442,50998.727
2026-08-24 19:06:00+00:00,20469.083,2768.188,46628.434,50998.629
2026-08-24 19:07:00+00:00,20468.937,2768.205,46628.486,50998.565
2026-08-24 19:08:00+00:00,20468.958,2768.112,46628.535,50998.606
2026-08-24 19:09:00+00:00,20468.863,2768.021,46628.539,50998.576
2026-08-24 19:10:00+00:00,20468.827,2767.848,46628.568,50998.572
2026-08-24 19:11:00+00:00,20469.196,2767.546,46628.566,50998.731
2026-08-24 19:12:00+00:00,20469.462,2767.406,46628.502,50998.762
2026-08-24 19:13:00+00:00,20469.469,2767.395,46628.54,50998.782
2026-08-24 19:14:00+00:00,20469.777,2767.229,46628.585,50998.898
2026-08-24 19:15:00+00:00,20470.138,2766.973,46628.584,50999.035
2026-08-24 19:16:00+00:00,20470.442,2766.748,46628.573,50999.125
2026-08-24 19:17:00+00:00,20470.439,2766.517,46628.597,50999.134
2026-08-24 19:18:00+00:00,20470.473,2766.258,46628.616,50999.151
2026-08-24 19:19:00+00:00,20470.641,2766.007,46628.522,50999.183
2026-08-24 19:20:00+00:00,20470.56,2765.925,46628.499,50999.105
2026-08-24 19:21:00+00:00,20470.887,2765.676,46628.468,50999.258
2026-08-24 19:22:00+00:00,20470.826,2765.243,46628.475,50999.215
2026-08-24 19:23:00+00:00,20471.162,2764.808,46628.48,50999.324
2026-08-24 19:24:00+00:00,20471.255,2764.403,46628.468,50999.312
2026-08-24 19:25:00+00:00,20471.22,2764.316,46628.377,50999.197
2026-08-24 19:26:00+00:00,20471.585,2763.813,46628.444,50999.398
2026-08-24 19:27:00+00:00,20471.371,2763.328,46628.5,50999.305
2026-08-24 19:28:00+00:00,20471.251,2763.156,46628.449,50999.22
2026-08-24 19:29:00+00:00,20471.517,2762.871,46628.497,50999.327
2026-08-24 19:30:00+00:00,20471.738,2762.509,46628.504,50999.393
2026-08-24 19:31:00+00:00,20472.117,2762.204,46628.513,50999.535
2026-08-24 19:32:00+00:00,20472.635,2761.989,46628.395,50999.694
2026-08-24 19:33:00+00:00,20472.959,2761.901,46628.469,50999.841
2026-08-24 19:34:00+00:00,20473.126,2761.42,46628.529,50999.986
2026-08-24 19:35:00+00:00,20473.193,2760.977,46628.614,50999.996
2026-08-24 19:36:00+00:00,20473.781,2760.626,46628.689,51000.269
2026-08-24 19:37:00+00:00,20474.483,2760.093,46628.714,51000.571
2026-08-24 19:38:00+00:00,20474.906,2759.406,46628.844,51000.785
2026-08-24 19:39:00+00:00,20474.432,2759.036,46628.818,51000.597
2026-08-24 19:40:00+00:00,20473.841,2759.373,46628.652,51000.249
2026-08-24 19:41:00+00:00,20474.302,2759.267,46628.789,51000.548
2026-08-24 19:42:00+00:00,20474.8,2758.813,46628.801,51000.725
2026-08-24 19:43:00+00:00,20474.853,2758.336,46628.877,51000.816
2026-08-24 19:44:00+00:00,20475.504,2757.928,46628.885,51001.035
2026-08-24 19:45:00+00:00,20475.558,2757.806,46628.926,51001.047
2026-08-24 19:46:00+00:00,20476.143,2757.661,46628.986,51001.366
2026-08-24 19:47:00+00:00,20476.119,2756.999,46629.109,51001.43
2026-08-24 19:48:00+00:00,20476.217,2757.039,46629.053,51001.429
2026-08-24 19:49:00+00:00,20476.373,2756.94,46629.199,51001.599
2026-08-24 19:50:00+00:00,20476.285,2756.887,46629.211,51001.627
2026-08-24 19:51:00+00:00,20476.468,2756.801,46629.329,51001.798
2026-08-24 19:52:00+00:00,20476.585,2756.565,46629.381,51001.918
2026-08-24 19:53:00+00:00,20477.031,2756.431,46629.524,51002.179
2026-08-24 19:54:00+00:00,20476.798,2756.147,46629.671,51002.192
2026-08-24 19:55:00+00:00,20476.98,2756.47,46629.677,51002.288
2026-08-24 19:56:00+00:00,20477.072,2756.464,46629.916,51002.527
2026-08-24 19:57:00+00:00,20476.786,2756.367,46630.076,51002.539
2026-08-24 19:58:00+00:00,20476.059,2756.595,46630.224,51002.351
2026-08-24 19:59:00+00:00,20476.058,2756.799,46630.288,51002.446
2026-08-24 20:00:00+00:00,20476.304,2756.948,46630.421,51002.694
2026-08-24 20:01:00+00:00,20476.764,2757.213,46630.473,51002.943
2026-08-24 20:02:00+00:00,20477.335,2757.048,46630.693,51003.393
2026-08-24 20:03:00+00:00,20476.802,2756.989,46630.892,51003.331
2026-08-24 20:04:00+00:00,20476.427,2757.138,46631.099,51003.336
2026-08-24 20:05:00+00:00,20476.203,2757.158,46631.221,51003.336
2026-08-24 20:06:00+00:00,20476.402,2757.421,46631.285,51003.503
2026-08-24 20:07:00+00:00,20476.887,2757.634,46631.355,51003.794
2026-08-24 20:08:00+00:00,20477.064,2757.823,46631.47,51003.986
2026-08-24 20:09:00+00:00,20477.089,2757.927,46631.644,51004.193
2026-08-24 20:10:00+00:00,20476.852,2757.933,46631.773,51004.245
2026-08-24 20:11:00+00:00,20476.144,2758.214,46631.977,51004.143
2026-08-24 20:12:00+00:00,20475.638,2758.447,46632.148,51004.069
2026-08-24 20:13:00+00:00,20475.75,2758.795,46632.265,51004.234
2026-08-24 20:14:00+00:00,20475.987,2758.978,46632.272,51004.432
2026-08-24 20:15:00+00:00,20476.194,2759.199,46632.42,51004.65
2026-08-24 20:16:00+00:00,20476.631,2759.048,46632.607,51004.951
2026-08-24 20:17:00+00:00,20476.092,2759.271,46632.693,51004.805
2026-08-24 20:18:00+00:00,20476.504,2759.607,46632.789,51005.096
2026-08-24 20:19:00+00:00,20477.661,2759.516,46632.933,51005.693
2026-08-24 20:20:00+00:00,20478.136,2759.54,46633.062,51005.982
2026-08-24 20:21:00+00:00,20478.437,2759.786,46633.171,51006.254
2026-08-24 20:22:00+00:00,20478.972,2759.786,46633.424,51006.651
2026-08-24 20:23:00+00:00,20479.273,2759.789,46633.566,51006.912
2026-08-24 20:24:00+00:00,20479.791,2759.833,46633.69,51007.242
2026-08-24 20:25:00+00:00,20480.205,2759.899,46633.859,51007.566
2026-08-24 20:26:00+00:00,20480.646,2760.148,46633.921,51007.858
2026-08-24 20:27:00+00:00,20480.776,2760.385,46634.127,51008.085
2026-08-24 20:28:00+00:00,20480.504,2760.542,46634.328,51008.172
2026-08-24 20:29:00+00:00,20480.101,2760.758,46634.502,51008.168
2026-08-24 20:30:00+00:00,20481.244,2760.955,46634.457,51008.635
2026-08-24 20:31:00+00:00,20482.932,2760.887,46634.579,51009.396
2026-08-24 20:32:00+00:00,20483.661,2760.821,46634.714,51009.836
2026-08-24 20:33:00+00:00,20484.101,2760.908,46634.892,51010.171
2026-08-24 20:34:00+00:00,20484.958,2760.828,46635.065,51010.651
2026-08-24 20:35:00+00:00,20485.921,2760.791,46635.227,51011.154
2026-08-24 20:36:00+00:00,20486.61,2760.635,46635.447,51011.589
2026-08-24 20:37:00+00:00,20486.294,2760.777,46635.604,51011.629
2026-08-24 20:38:00+00:00,20485.901,2761.026,46635.779,51011.655
2026-08-24 20:39:00+00:00,20485.638,2761.374,46635.92,51011.702
2026-08-24 20:40:00+00:00,20485.675,2761.604,46636.153,51011.876
2026-08-24 20:41:00+00:00,20486.063,2761.825,46636.275,51012.176
2026-08-24 20:42:00+00:00,20487.814,2761.71,46636.375,51012.954
2026-08-24 20:43:00+00:00,20489.761,2761.629,46636.427,51013.823
2026-08-24 20:44:00+00:00,20491.027,2761.587,46636.59,51014.492
2026-08-24 20:45:00+00:00,20491.982,2761.538,46636.807,51015.091
2026-08-24 20:46:00+00:00,20492.413,2761.505,46637.069,51015.479
2026-08-24 20:47:00+00:00,20493.133,2761.384,46637.273,51015.954
2026-08-24 20:48:00+00:00,20493.253,2761.314,46637.438,51016.16
2026-08-24 20:49:00+00:00,20493.168,2761.518,46637.565,51016.257
2026-08-24 20:50:00+00:00,20493.49,2761.742,46637.701,51016.534
2026-08-24 20:51:00+00:00,20493.847,2761.88,46637.898,51016.811
2026-08-24 20:52:00+00:00,20493.79,2762.116,46638.064,51016.962
2026-08-24 20:53:00+00:00,20494.222,2762.166,46638.18,51017.311
2026-08-24 20:54:00+00:00,20494.616,2762.292,46638.282,51017.579
2026-08-24 20:55:00+00:00,20494.956,2762.407,46638.417,51017.868
2026-08-24 20:56:00+00:00,20494.994,2762.545,46638.609,51018.056
2026-08-24 20:57:00+00:00,20494.503,2762.9,46638.745,51017.995
2026-08-24 20:58:00+00:00,20493.751,2763.374,46638.888,51017.863
2026-08-24 20:59:00+00:00,20493.641,2763.646,46639.085,51017.974
2026-08-24 21:00:00+00:00,20493.703,2764.014,46639.184,51018.109
2026-08-24 21:01:00+00:00,20494.291,2764.252,46639.257,51018.46
2026-08-24 21:02:00+00:00,20494.698,2764.426,46639.414,51018.758
2026-08-24 21:03:00+00:00,20495.133,2764.566,46639.594,51019.108
2026-08-24 21:04:00+00:00,20495.529,2764.613,46639.746,51019.428
2026-08-24 21:05:00+00:00,20495.65,2764.705,46639.886,51019.635
2026-08-24 21:06:00+00:00,20495.717,2765.043,46640.003,51019.785
2026-08-24 21:07:00+00:00,20496.005,2765.291,46640.214,51020.058
2026-08-24 21:08:00+00:00,20496.075,2765.438,46640.39,51020.257
2026-08-24 21:09:00+00:00,20496.122,2765.624,46640.564,51020.438
2026-08-24 21:10:00+00:00,20496.292,2765.798,46640.693,51020.655
2026-08-24 21:11:00+00:00,20495.84,2766.062,46640.912,51020.666
2026-08-24 21:12:00+00:00,20495.621,2766.412,46641.028,51020.706
2026-08-24 21:13:00+00:00,20495.65,2766.601,46641.148,51020.847
2026-08-24 21:14:00+00:00,20495.835,2766.803,46641.296,51021.059
2026-08-24 21:15:00+00:00,20496.427,2767.003,46641.475,51021.403
2026-08-24 21:16:00+00:00,20497.37,2767.019,46641.617,51021.934
2026-08-24 21:17:00+00:00,20498.176,2767.027,46641.71,51022.38
2026-08-24 21:18:00+00:00,20498.791,2767.014,46641.847,51022.744
2026-08-24 21:19:00+00:00,20499.113,2767.082,46641.998,51023.017
2026-08-24 21:20:00+00:00,20499.497,2767.164,46642.12,51023.312
2026-08-24 21:21:00+00:00,20499.655,2767.349,46642.293,51023.509
2026-08-24 21:22:00+00:00,20499.918,2767.586,46642.408,51023.73
2026-08-24 21:23:00+00:00,20500.037,2767.865,46642.54,51023.901
2026-08-24 21:24:00+00:00,20499.941,2768.149,46642.7,51024.012
2026-08-24 21:25:00+00:00,20499.262,2768.636,46642.833,51023.843
2026-08-24 21:26:00+00:00,20498.69,2769.198,46642.969,51023.786
2026-08-24 21:27:00+00:00,20498.539,2769.445,46643.129,51023.863
2026-08-24 21:28:00+00:00,20498.302,2769.775,46643.193,51023.868
2026-08-24 21:29:00+00:00,20498.222,2770.094,46643.26,51023.939
2026-08-24 21:30:00+00:00,20498.395,2770.379,46643.349,51024.104
2026-08-24 21:31:00+00:00,20498.58,2770.554,46643.531,51024.3
2026-08-24 21:32:00+00:00,20498.977,2770.637,46643.583,51024.55
2026-08-24 21:33:00+00:00,20500.158,2770.601,46643.615,51025.051
2026-08-24 21:34:00+00:00,20501.125,2770.558,46643.686,51025.489
2026-08-24 21:35:00+00:00,20501.986,2770.643,46643.718,51025.902
2026-08-24 21:36:00+00:00,20502.732,2770.722,46643.798,51026.243
2026-08-24 21:37:00+00:00,20503.503,2771.012,46643.766,51026.603
2026-08-24 21:38:00+00:00,20503.898,2771.348,46643.89,51026.871
2026-08-24 21:39:00+00:00,20503.895,2771.618,46644.027,51027.013
2026-08-24 21:40:00+00:00,20503.625,2771.805,46644.199,51027.029
2026-08-24 21:41:00+00:00,20503.701,2771.929,46644.296,51027.146
2026-08-24 21:42:00+00:00,20502.989,2772.425,46644.324,51026.92
2026-08-24 21:43:00+00:00,20500.876,2773.084,46644.517,51026.235
2026-08-24 21:44:00+00:00,20501.227,2773.326,46644.453,51026.411
2026-08-24 21:45:00+00:00,20501.996,2773.407,46644.424,51026.676
2026-08-24 21:46:00+00:00,20502.457,2773.724,46644.477,51026.924
2026-08-24 21:47:00+00:00,20503.509,2773.797,46644.572,51027.449
2026-08-24 21:48:00+00:00,20502.68,2774.247,46644.699,51027.256
2026-08-24 21:49:00+00:00,20501.96,2774.865,46644.79,51027.136
2026-08-24 21:50:00+00:00,20501.394,2775.136,46645.016,51027.076
2026-08-24 21:51:00+00:00,20500.381,2775.538,46645.049,51026.754
2026-08-24 21:52:00+00:00,20499.761,2776.087,46645.079,51026.547
2026-08-24 21:53:00+00:00,20500.91,2776.403,46645.134,51027.061
2026-08-24 21:54:00+00:00,20501.416,2776.692,46645.258,51027.367
2026-08-24 21:55:00+00:00,20500.816,2777.087,46645.475,51027.345
2026-08-24 21:56:00+00:00,20499.859,2777.373,46645.64,51027.147
2026-08-24 21:57:00+00:00,20498.917,2777.873,46645.591,51026.821
2026-08-24 21:58:00+00:00,20499.066,2778.356,46645.628,51026.946
2026-08-24 21:59:00+00:00,20499.067,2778.913,46645.671,51026.996
2026-08-24 22:00:00+00:00,20499.35,2779.408,46645.801,51027.232
2026-08-24 22:01:00+00:00,20500.804,2779.395,46645.882,51027.925
2026-08-24 22:02:00+00:00,20501.474,2779.457,46645.946,51028.267
2026-08-24 22:03:00+00:00,20501.768,2779.514,46646.098,51028.52
2026-08-24 22:04:00+00:00,20502.673,2779.369,46646.186,51028.964
2026-08-24 22:05:00+00:00,20503.313,2779.442,46646.202,51029.275
2026-08-24 22:06:00+00:00,20504.228,2779.51,46646.281,51029.723
2026-08-24 22:07:00+00:00,20504.665,2779.522,46646.419,51029.989
2026-08-24 22:08:00+00:00,20504.466,2779.642,46646.58,51030.016
2026-08-24 22:09:00+00:00,20504.279,2779.827,46646.639,51030.033
2026-08-24 22:10:00+00:00,20504.012,2780.016,46646.725,51030.005
2026-08-24 22:11:00+00:00,20503.616,2780.377,46646.778,51029.907
2026-08-24 22:12:00+00:00,20503.628,2780.613,46646.83,51029.997
2026-08-24 22:13:00+00:00,20503.628,2780.77,46646.923,51030.067
2026-08-24 22:14:00+00:00,20503.608,2780.916,46647.05,51030.114
2026-08-24 22:15:00+00:00,20503.387,2781.106,46647.064,51030.059
2026-08-24 22:16:00+00:00,20504.035,2781.298,46647.07,51030.326
2026-08-24 22:17:00+00:00,20505.389,2781.261,46647.069,51030.915
2026-08-24 22:18:00+00:00,20507.062,2781.035,46647.163,51031.662
2026-08-24 22:19:00+00:00,20508.454,2780.868,46647.273,51032.313
2026-08-24 22:20:00+00:00,20509.593,2780.516,46647.496,51032.947
2026-08-24 22:21:00+00:00,20510.449,2780.316,46647.656,51033.41
2026-08-24 22:22:00+00:00,20511.261,2780.15,46647.763,51033.87
2026-08-24 22:23:00+00:00,20512.242,2780.067,46647.937,51034.382
2026-08-24 22:24:00+00:00,20513.15,2780.069,46648.112,51034.861
2026-08-24 22:25:00+00:00,20513.909,2780.195,46648.222,51035.335
2026-08-24 22:26:00+00:00,20514.787,2780.112,46648.376,51035.858
2026-08-24 22:27:00+00:00,20515.188,2780.039,46648.585,51036.22
2026-08-24 22:28:00+00:00,20514.995,2780.183,46648.724,51036.288
2026-08-24 22:29:00+00:00,20515.406,2780.31,46648.852,51036.597
2026-08-24 22:30:00+00:00,20516.153,2780.491,46648.995,51036.985
2026-08-24 22:31:00+00:00,20516.775,2780.568,46649.168,51037.388
2026-08-24 22:32:00+00:00,20517.297,2780.806,46649.367,51037.76
2026-08-24 22:33:00+00:00,20518.266,2780.887,46649.522,51038.312
2026-08-24 22:34:00+00:00,20518.567,2780.907,46649.774,51038.635
2026-08-24 22:35:00+00:00,20518.436,2781.036,46649.962,51038.757
2026-08-24 22:36:00+00:00,20518.363,2781.254,46650.119,51038.876
2026-08-24 22:37:00+00:00,20518.528,2781.398,46650.299,51039.081
2026-08-24 22:38:00+00:00,20519.163,2781.387,46650.418,51039.453
2026-08-24 22:39:00+00:00,20518.979,2781.407,46650.609,51039.53
2026-08-24 22:40:00+00:00,20518.055,2781.752,46650.737,51039.312
2026-08-24 22:41:00+00:00,20518.002,2782.139,46650.745,51039.376
2026-08-24 22:42:00+00:00,20518.391,2782.425,46650.776,51039.61
2026-08-24 22:43:00+00:00,20518.77,2782.536,46650.947,51039.896
2026-08-24 22:44:00+00:00,20519.84,2782.383,46651.079,51040.444
2026-08-24 22:45:00+00:00,20519.126,2782.696,46651.146,51040.246
2026-08-24 22:46:00+00:00,20519.225,2782.766,46651.335,51040.467
2026-08-24 22:47:00+00:00,20519.208,2782.919,46651.379,51040.513
2026-08-24 22:48:00+00:00,20519.173,2783.162,46651.464,51040.59
2026-08-24 22:49:00+00:00,20519.806,2783.331,46651.589,51040.948
2026-08-24 22:50:00+00:00,20519.57,2783.506,46651.723,51040.995
2026-08-24 22:51:00+00:00,20518.95,2783.854,46651.92,51040.883
2026-08-24 22:52:00+00:00,20518.033,2784.164,46652.055,51040.677
2026-08-24 22:53:00+00:00,20516.82,2784.654,46652.022,51040.236
2026-08-24 22:54:00+00:00,20516.48,2785.253,46652.037,51040.106
2026-08-24 22:55:00+00:00,20515.781,2785.611,46652.079,51039.907
2026-08-24 22:56:00+00:00,20515.897,2785.893,46652.151,51039.996
2026-08-24 22:57:00+00:00,20515.567,2785.943,46652.214,51039.927
2026-08-24 22:58:00+00:00,20515.742,2786.209,46652.22,51040.012
2026-08-24 22:59:00+00:00,20514.376,2786.453,46652.279,51039.527
2026-08-24 23:00:00+00:00,20513.812,2787.157,46652.16,51039.226
2026-08-24 23:01:00+00:00,20512.526,2787.686,46652.193,51038.765
2026-08-24 23:02:00+00:00,20512.122,2788.187,46652.134,51038.638
2026-08-24 23:03:00+00:00,20511.669,2788.498,46652.094,51038.489
2026-08-24 23:04:00+00:00,20510.458,2788.487,46652.231,51038.065
2026-08-24 23:05:00+00:00,20511.328,2788.151,46652.18,51038.365
2026-08-24 23:06:00+00:00,20511.004,2788.279,46652.052,51038.135
2026-08-24 23:07:00+00:00,20510.873,2788.312,46652.041,51038.059
2026-08-24 23:08:00+00:00,20509.897,2788.356,46652.086,51037.673
2026-08-24 23:09:00+00:00,20509.102,2788.359,46652.019,51037.34
2026-08-24 23:10:00+00:00,20508.437,2788.535,46651.884,51036.964
2026-08-24 23:11:00+00:00,20508.024,2788.699,46651.841,51036.763
2026-08-24 23:12:00+00:00,20507.094,2788.776,46651.808,51036.348
2026-08-24 23:13:00+00:00,20506.836,2788.721,46651.688,51036.175
2026-08-24 23:14:00+00:00,20507.56,2788.313,46651.619,51036.345
2026-08-24 23:15:00+00:00,20505.608,2788.756,46651.636,51035.559
2026-08-24 23:16:00+00:00,20503.291,2788.944,46651.727,51034.777
2026-08-24 23:17:00+00:00,20501.287,2789.209,46651.578,51033.816
2026-08-24 23:18:00+00:00,20499.05,2790.007,46651.402,51032.827
2026-08-24 23:19:00+00:00,20497.466,2790.409,46651.311,51032.115
2026-08-24 23:20:00+00:00,20496.657,2790.735,46651.113,51031.651
2026-08-24 23:21:00+00:00,20495.993,2791.214,46650.952,51031.291
2026-08-24 23:22:00+00:00,20495.354,2791.742,46650.87,51030.974
2026-08-24 23:23:00+00:00,20494.875,2792.272,46650.768,51030.729
2026-08-24 23:24:00+00:00,20493.955,2792.794,46650.736,51030.379
2026-08-24 23:25:00+00:00,20493.064,2793.325,46650.687,51030.017
2026-08-24 23:26:00+00:00,20492.141,2793.653,46650.686,51029.675
2026-08-24 23:27:00+00:00,20491.653,2794.023,46650.644,51029.418
2026-08-24 23:28:00+00:00,20490.679,2794.378,46650.584,51028.987
2026-08-24 23:29:00+00:00,20489.714,2794.868,46650.507,51028.549
2026-08-24 23:30:00+00:00,20488.839,2795.461,46650.434,51028.154
2026-08-24 23:31:00+00:00,20488.359,2795.841,46650.337,51027.898
2026-08-24 23:32:00+00:00,20487.927,2796.191,46650.221,51027.663
2026-08-24 23:33:00+00:00,20487.49,2796.542,46650.14,51027.423
2026-08-24 23:34:00+00:00,20486.864,2796.947,46650.098,51027.135
2026-08-24 23:35:00+00:00,20487.034,2797.111,46650.033,51027.139
2026-08-24 23:36:00+00:00,20487.134,2797.393,46649.844,51027.073
2026-08-24 23:37:00+00:00,20487.15,2797.742,46649.758,51027.024
2026-08-24 23:38:00+00:00,20487.183,2798.078,46649.654,51027.01
2026-08-24 23:39:00+00:00,20487.254,2798.3,46649.687,51027.013
2026-08-24 23:40:00+00:00,20487.54,2798.439,46649.686,51027.105
2026-08-24 23:41:00+00:00,20487.389,2798.743,46649.567,51027.011
2026-08-24 23:42:00+00:00,20487.14,2799.054,46649.556,51026.902
2026-08-24 23:43:00+00:00,20487.223,2799.283,46649.477,51026.896
2026-08-24 23:44:00+00:00,20487.36,2799.471,46649.448,51026.895
2026-08-24 23:45:00+00:00,20487.717,2799.542,46649.411,51027.009
2026-08-24 23:46:00+00:00,20488.114,2799.68,46649.307,51027.098
2026-08-24 23:47:00+00:00,20488.358,2799.793,46649.29,51027.168
2026-08-24 23:48:00+00:00,20488.753,2799.881,46649.213,51027.305
2026-08-24 23:49:00+00:00,20488.865,2800.106,46649.204,51027.327
2026-08-24 23:50:00+00:00,20489.085,2800.266,46649.103,51027.379
2026-08-24 23:51:00+00:00,20489.321,2800.366,46649.071,51027.427
2026-08-24 23:52:00+00:00,20489.57,2800.412,46649.07,51027.515
2026-08-24 23:53:00+00:00,20490.022,2800.456,46648.958,51027.657
2026-08-24 23:54:00+00:00,20490.323,2800.518,46648.867,51027.725
2026-08-24 23:55:00+00:00,20490.727,2800.518,46648.861,51027.875
2026-08-24 23:56:00+00:00,20491.116,2800.618,46648.833,51027.999
2026-08-24 23:57:00+00:00,20491.123,2800.726,46648.874,51028.004
2026-08-24 23:58:00+00:00,20491.118,2800.828,46648.814,51027.993
2026-08-24 23:59:00+00:00,20490.997,2800.951,46648.729,51027.885
2026-08-25 00:00:00+00:00,20491.119,2801.019,46648.62,51027.852
2026-08-25 00:01:00+00:00,20491.128,2801.171,46648.539,51027.781
2026-08-25 00:02:00+00:00,20491.315,2801.263,46648.438,51027.814
2026-08-25 00:03:00+00:00,20492.102,2801.309,46648.367,51028.04
2026-08-25 00:04:00+00:00,20492.547,2801.331,46648.409,51028.21
2026-08-25 00:05:00+00:00,20493.003,2801.37,46648.403,51028.365
2026-08-25 00:06:00+00:00,20493.205,2801.307,46648.417,51028.442
2026-08-25 00:07:00+00:00,20493.561,2801.412,46648.321,51028.515
2026-08-25 00:08:00+00:00,20493.054,2801.566,46648.369,51028.346
2026-08-25 00:09:00+00:00,20493.028,2801.602,46648.259,51028.285
2026-08-25 00:10:00+00:00,20492.877,2801.551,46648.249,51028.192
2026-08-25 00:11:00+00:00,20493.192,2801.487,46648.156,51028.217
2026-08-25 00:12:00+00:00,20493.56,2801.513,46648.063,51028.293
2026-08-25 00:13:00+00:00,20494.167,2801.601,46647.984,51028.468
2026-08-25 00:14:00+00:00,20494.362,2801.721,46647.95,51028.541
2026-08-25 00:15:00+00:00,20494.344,2801.854,46647.981,51028.537
2026-08-25 00:16:00+00:00,20494.199,2801.915,46647.963,51028.478
2026-08-25 00:17:00+00:00,20494.008,2801.896,46647.918,51028.357
2026-08-25 00:18:00+00:00,20494.155,2801.714,46647.823,51028.325
2026-08-25 00:19:00+00:00,20495.089,2801.473,46647.769,51028.619
2026-08-25 00:20:00+00:00,20495.818,2801.605,46647.694,51028.838
2026-08-25 00:21:00+00:00,20495.81,2801.613,46647.761,51028.898
2026-08-25 00:22:00+00:00,20496.324,2801.357,46647.694,51029.068
2026-08-25 00:23:00+00:00,20497.163,2801.054,46647.626,51029.315
2026-08-25 00:24:00+00:00,20497.994,2800.911,46647.589,51029.595
2026-08-25 00:25:00+00:00,20498.683,2800.962,46647.567,51029.861
2026-08-25 00:26:00+00:00,20499.033,2800.864,46647.599,51030.061
2026-08-25 00:27:00+00:00,20499.389,2800.76,46647.64,51030.204
2026-08-25 00:28:00+00:00,20499.419,2800.746,46647.626,51030.219
2026-08-25 00:29:00+00:00,20499.317,2800.728,46647.624,51030.181
2026-08-25 00:30:00+00:00,20499.173,2800.645,46647.56,51030.087
2026-08-25 00:31:00+00:00,20499.069,2800.533,46647.574,51029.994
2026-08-25 00:32:00+00:00,20498.986,2800.459,46647.567,51029.913
2026-08-25 00:33:00+00:00,20498.835,2800.395,46647.494,51029.784
2026-08-25 00:34:00+00:00,20498.675,2800.342,46647.445,51029.666
2026-08-25 00:35:00+00:00,20498.741,2800.323,46647.36,51029.622
2026-08-25 00:36:00+00:00,20499.051,2800.202,46647.288,51029.718
2026-08-25 00:37:00+00:00,20499.366,2800.042,46647.247,51029.792
2026-08-25 00:38:00+00:00,20499.46,2799.955,46647.175,51029.776
2026-08-25 00:39:00+00:00,20499.603,2799.821,46647.191,51029.773
2026-08-25 00:40:00+00:00,20499.729,2799.781,46647.153,51029.792
2026-08-25 00:41:00+00:00,20500.225,2799.632,46647.113,51029.962
2026-08-25 00:42:00+00:00,20500.578,2799.482,46647.064,51030.065
2026-08-25 00:43:00+00:00,20501.096,2799.323,46646.991,51030.21
2026-08-25 00:44:00+00:00,20501.266,2799.239,46646.894,51030.227
2026-08-25 00:45:00+00:00,20501.6,2799.122,46646.862,51030.288
2026-08-25 00:46:00+00:00,20501.879,2799.018,46646.801,51030.339
2026-08-25 00:47:00+00:00,20502.231,2798.938,46646.77,51030.428
2026-08-25 00:48:00+00:00,20502.3,2798.933,46646.643,51030.406
2026-08-25 00:49:00+00:00,20502.236,2798.968,46646.569,51030.311
2026-08-25 00:50:00+00:00,20501.615,2799.157,46646.512,51030.001
2026-08-25 00:51:00+00:00,20500.244,2799.253,46646.503,51029.458
2026-08-25 00:52:00+00:00,20499.35,2799.456,46646.458,51029.03
2026-08-25 00:53:00+00:00,20498.353,2799.5,46646.418,51028.581
2026-08-25 00:54:00+00:00,20497.792,2799.442,46646.146,51028.202
2026-08-25 00:55:00+00:00,20496.868,2799.524,46646.043,51027.738
2026-08-25 00:56:00+00:00,20496.58,2799.366,46645.936,51027.521
2026-08-25 00:57:00+00:00,20496.391,2799.091,46645.829,51027.299
2026-08-25 00:58:00+00:00,20496.813,2798.98,46645.658,51027.316
2026-08-25 00:59:00+00:00,20497.107,2798.844,46645.594,51027.343
2026-08-25 01:00:00+00:00,20497.396,2798.752,46645.522,51027.395
2026-08-25 01:01:00+00:00,20497.846,2798.61,46645.449,51027.532
2026-08-25 01:02:00+00:00,20498.205,2798.32,46645.416,51027.637
2026-08-25 01:03:00+00:00,20498.493,2798.155,46645.345,51027.677
2026-08-25 01:04:00+00:00,20498.357,2798.08,46645.297,51027.588
2026-08-25 01:05:00+00:00,20498.269,2797.984,46645.269,51027.5
2026-08-25 01:06:00+00:00,20498.401,2797.847,46645.168,51027.494
2026-08-25 01:07:00+00:00,20498.698,2797.706,46645.114,51027.518
2026-08-25 01:08:00+00:00,20498.798,2797.608,46645.057,51027.507
2026-08-25 01:09:00+00:00,20498.903,2797.579,46645.015,51027.484
2026-08-25 01:10:00+00:00,20498.746,2797.582,46645.025,51027.388
2026-08-25 01:11:00+00:00,20498.342,2797.566,46644.989,51027.19
2026-08-25 01:12:00+00:00,20498.237,2797.577,46644.983,51027.091
2026-08-25 01:13:00+00:00,20498.442,2797.675,46644.911,51027.135
2026-08-25 01:14:00+00:00,20498.839,2797.713,46644.846,51027.261
2026-08-25 01:15:00+00:00,20498.997,2797.674,46644.823,51027.297
2026-08-25 01:16:00+00:00,20499.022,2797.678,46644.898,51027.308
2026-08-25 01:17:00+00:00,20498.975,2797.669,46644.838,51027.284
2026-08-25 01:18:00+00:00,20499.006,2797.681,46644.846,51027.285
2026-08-25 01:19:00+00:00,20499.007,2797.542,46644.899,51027.296
2026-08-25 01:20:00+00:00,20499.087,2797.46,46644.816,51027.292
2026-08-25 01:21:00+00:00,20499.123,2797.306,46644.825,51027.286
2026-08-25 01:22:00+00:00,20499.158,2797.139,46644.755,51027.283
2026-08-25 01:23:00+00:00,20499.232,2797.0,46644.724,51027.238
2026-08-25 01:24:00+00:00,20499.284,2797.021,46644.736,51027.231
2026-08-25 01:25:00+00:00,20499.273,2797.08,46644.701,51027.221
2026-08-25 01:26:00+00:00,20499.219,2797.024,46644.765,51027.222
2026-08-25 01:27:00+00:00,20499.231,2796.989,46644.737,51027.22
2026-08-25 01:28:00+00:00,20499.135,2796.889,46644.797,51027.212
2026-08-25 01:29:00+00:00,20499.211,2796.682,46644.792,51027.222
2026-08-25 01:30:00+00:00,20499.281,2796.456,46644.713,51027.212
2026-08-25 01:31:00+00:00,20499.17,2796.454,46644.683,51027.13
2026-08-25 01:32:00+00:00,20498.99,2796.399,46644.684,51027.062
2026-08-25 01:33:00+00:00,20498.88,2796.253,46644.74,51027.029
2026-08-25 01:34:00+00:00,20498.535,2795.982,46644.74,51026.923
2026-08-25 01:35:00+00:00,20498.249,2795.725,46644.741,51026.77
2026-08-25 01:36:00+00:00,20498.261,2795.644,46644.632,51026.677
2026-08-25 01:37:00+00:00,20497.974,2795.629,46644.652,51026.554
2026-08-25 01:38:00+00:00,20498.094,2795.535,46644.543,51026.574
2026-08-25 01:39:00+00:00,20498.294,2795.404,46644.555,51026.619
2026-08-25 01:40:00+00:00,20498.384,2795.334,46644.606,51026.665
2026-08-25 01:41:00+00:00,20498.631,2795.333,46644.603,51026.744
2026-08-25 01:42:00+00:00,20498.507,2795.461,46644.666,51026.747
2026-08-25 01:43:00+00:00,20498.621,2795.619,46644.651,51026.827
2026-08-25 01:44:00+00:00,20498.577,2795.638,46644.72,51026.863
2026-08-25 01:45:00+00:00,20498.486,2795.479,46644.811,51026.857
2026-08-25 01:46:00+00:00,20498.561,2795.195,46644.808,51026.91
2026-08-25 01:47:00+00:00,20499.082,2794.767,46644.757,51027.065
2026-08-25 01:48:00+00:00,20499.774,2794.588,46644.625,51027.249
2026-08-25 01:49:00+00:00,20500.313,2794.627,46644.599,51027.425
2026-08-25 01:50:00+00:00,20500.567,2794.89,46644.597,51027.55
2026-08-25 01:51:00+00:00,20500.82,2795.001,46644.688,51027.734
2026-08-25 01:52:00+00:00,20500.981,2795.018,46644.76,51027.854
2026-08-25 01:53:00+00:00,20501.037,2795.0,46644.876,51027.933
2026-08-25 01:54:00+00:00,20501.185,2794.894,46644.939,51028.02
2026-08-25 01:55:00+00:00,20501.162,2794.774,46644.973,51028.004
2026-08-25 01:56:00+00:00,20501.026,2794.835,46644.927,51027.938
2026-08-25 01:57:00+00:00,20500.903,2794.817,46644.886,51027.888
2026-08-25 01:58:00+00:00,20500.571,2794.756,46644.938,51027.781
2026-08-25 01:59:00+00:00,20500.45,2794.655,46644.923,51027.73
2026-08-25 02:00:00+00:00,20500.474,2794.46,46644.925,51027.728
2026-08-25 02:01:00+00:00,20500.711,2794.341,46644.914,51027.788
2026-08-25 02:02:00+00:00,20500.869,2794.41,46644.883,51027.836
2026-08-25 02:03:00+00:00,20500.879,2794.385,46644.968,51027.882
2026-08-25 02:04:00+00:00,20500.889,2794.239,46644.959,51027.939
2026-08-25 02:05:00+00:00,20501.158,2794.105,46644.951,51028.047
2026-08-25 02:06:00+00:00,20501.482,2793.952,46644.909,51028.166
2026-08-25 02:07:00+00:00,20501.679,2793.951,46644.862,51028.248
2026-08-25 02:08:00+00:00,20501.706,2793.966,46644.961,51028.314
2026-08-25 02:09:00+00:00,20501.936,2793.932,46644.989,51028.423
2026-08-25 02:10:00+00:00,20502.097,2794.053,46645.043,51028.523
2026-08-25 02:11:00+00:00,20502.108,2794.223,46645.098,51028.591
2026-08-25 02:12:00+00:00,20502.092,2794.341,46645.185,51028.673
2026-08-25 02:13:00+00:00,20502.026,2794.502,46645.205,51028.694
2026-08-25 02:14:00+00:00,20501.816,2794.615,46645.289,51028.718
2026-08-25 02:15:00+00:00,20501.563,2794.631,46645.424,51028.693
2026-08-25 02:16:00+00:00,20501.339,2794.398,46645.529,51028.688
2026-08-25 02:17:00+00:00,20501.403,2794.201,46645.561,51028.717
2026-08-25 02:18:00+00:00,20501.48,2794.139,46645.567,51028.739
2026-08-25 02:19:00+00:00,20501.57,2794.183,46645.589,51028.788
2026-08-25 02:20:00+00:00,20501.663,2794.276,46645.571,51028.836
2026-08-25 02:21:00+00:00,20501.712,2794.289,46645.602,51028.908
2026-08-25 02:22:00+00:00,20501.824,2794.405,46645.642,51028.989
2026-08-25 02:23:00+00:00,20502.067,2794.563,46645.625,51029.103
2026-08-25 02:24:00+00:00,20502.232,2794.843,46645.686,51029.202
2026-08-25 02:25:00+00:00,20502.329,2794.97,46645.778,51029.335
2026-08-25 02:26:00+00:00,20502.357,2794.904,46645.828,51029.405
2026-08-25 02:27:00+00:00,20502.416,2794.811,46645.862,51029.461
2026-08-25 02:28:00+00:00,20502.468,2794.814,46645.925,51029.497
2026-08-25 02:29:00+00:00,20502.424,2794.851,46645.935,51029.514
2026-08-25 02:30:00+00:00,20502.402,2794.941,46645.951,51029.534
2026-08-25 02:31:00+00:00,20502.363,2794.921,46646.048,51029.58
2026-08-25 02:32:00+00:00,20502.396,2794.855,46646.083,51029.609
2026-08-25 02:33:00+00:00,20502.492,2794.82,46646.096,51029.671
2026-08-25 02:34:00+00:00,20502.552,2794.945,46646.053,51029.691
2026-08-25 02:35:00+00:00,20502.612,2795.168,46646.022,51029.729
2026-08-25 02:36:00+00:00,20502.599,2795.339,46646.123,51029.772
2026-08-25 02:37:00+00:00,20502.477,2795.433,46646.22,51029.798
2026-08-25 02:38:00+00:00,20502.421,2795.317,46646.254,51029.809
2026-08-25 02:39:00+00:00,20502.324,2795.311,46646.237,51029.784
2026-08-25 02:40:00+00:00,20502.156,2795.113,46646.324,51029.765
2026-08-25 02:41:00+00:00,20502.148,2795.055,46646.316,51029.725
2026-08-25 02:42:00+00:00,20502.035,2795.086,46646.348,51029.688
2026-08-25 02:43:00+00:00,20502.263,2795.093,46646.323,51029.783
2026-08-25 02:44:00+00:00,20502.4,2795.169,46646.323,51029.839
2026-08-25 02:45:00+00:00,20502.222,2795.2,46646.356,51029.798
2026-08-25 02:46:00+00:00,20502.228,2795.391,46646.354,51029.804
2026-08-25 02:47:00+00:00,20502.309,2795.61,46646.317,51029.854
2026-08-25 02:48:00+00:00,20502.446,2795.732,46646.326,51029.936
2026-08-25 02:49:00+00:00,20502.542,2795.895,46646.372,51030.026
2026-08-25 02:50:00+00:00,20502.803,2795.999,46646.393,51030.152
2026-08-25 02:51:00+00:00,20502.977,2796.15,46646.441,51030.217
2026-08-25 02:52:00+00:00,20502.949,2796.412,46646.49,51030.247
2026-08-25 02:53:00+00:00,20502.965,2796.506,46646.513,51030.322
2026-08-25 02:54:00+00:00,20503.134,2796.554,46646.505,51030.401
2026-08-25 02:55:00+00:00,20503.132,2796.701,46646.481,51030.411
2026-08-25 02:56:00+00:00,20503.035,2796.821,46646.581,51030.423
2026-08-25 02:57:00+00:00,20503.009,2796.892,46646.59,51030.454
2026-08-25 02:58:00+00:00,20502.949,2796.866,46646.636,51030.473
2026-08-25 02:59:00+00:00,20502.977,2796.926,46646.705,51030.506
2026-08-25 03:00:00+00:00,20502.988,2797.002,46646.682,51030.507
2026-08-25 03:01:00+00:00,20502.997,2797.128,46646.703,51030.54
2026-08-25 03:02:00+00:00,20503.133,2797.226,46646.675,51030.592
2026-08-25 03:03:00+00:00,20503.33,2797.331,46646.715,51030.679
2026-08-25 03:04:00+00:00,20503.379,2797.463,46646.702,51030.724
2026-08-25 03:05:00+00:00,20503.383,2797.568,46646.751,51030.762
2026-08-25 03:06:00+00:00,20503.257,2797.54,46646.86,51030.764
2026-08-25 03:07:00+00:00,20503.015,2797.532,46646.817,51030.68
2026-08-25 03:08:00+00:00,20502.788,2797.302,46646.876,51030.626
2026-08-25 03:09:00+00:00,20502.625,2797.105,46646.849,51030.541
2026-08-25 03:10:00+00:00,20502.522,2797.087,46646.764,51030.483
2026-08-25 03:11:00+00:00,20502.677,2796.893,46646.778,51030.524
2026-08-25 03:12:00+00:00,20502.553,2796.9,46646.797,51030.452
2026-08-25 03:13:00+00:00,20502.576,2797.07,46646.734,51030.432
2026-08-25 03:14:00+00:00,20502.657,2797.079,46646.814,51030.498
2026-08-25 03:15:00+00:00,20502.76,2797.211,46646.734,51030.521
2026-08-25 03:16:00+00:00,20502.794,2797.374,46646.777,51030.555
2026-08-25 03:17:00+00:00,20502.792,2797.595,46646.805,51030.593
2026-08-25 03:18:00+00:00,20502.737,2797.783,46646.778,51030.607
2026-08-25 03:19:00+00:00,20502.588,2797.888,46646.855,51030.605
2026-08-25 03:20:00+00:00,20502.405,2797.849,46646.953,51030.598
2026-08-25 03:21:00+00:00,20502.249,2797.905,46646.899,51030.529
2026-08-25 03:22:00+00:00,20501.9,2798.151,46646.934,51030.408
2026-08-25 03:23:00+00:00,20501.483,2798.29,46646.986,51030.322
2026-08-25 03:24:00+00:00,20501.157,2798.303,46647.076,51030.224
2026-08-25 03:25:00+00:00,20500.957,2798.272,46647.091,51030.164
2026-08-25 03:26:00+00:00,20500.909,2798.332,46647.058,51030.128
2026-08-25 03:27:00+00:00,20500.863,2798.384,46647.061,51030.091
2026-08-25 03:28:00+00:00,20500.813,2798.532,46647.022,51030.043
2026-08-25 03:29:00+00:00,20500.577,2798.652,46647.097,51029.996
2026-08-25 03:30:00+00:00,20500.418,2798.654,46647.105,51029.969
2026-08-25 03:31:00+00:00,20500.412,2798.641,46647.104,51029.952
2026-08-25 03:32:00+00:00,20500.355,2798.606,46647.093,51029.925
2026-08-25 03:33:00+00:00,20500.392,2798.586,46647.048,51029.922
2026-08-25 03:34:00+00:00,20500.402,2798.583,46647.017,51029.924
2026-08-25 03:35:00+00:00,20500.517,2798.548,46647.011,51029.946
2026-08-25 03:36:00+00:00,20500.597,2798.508,46647.005,51029.97
2026-08-25 03:37:00+00:00,20500.615,2798.466,46647.018,51029.984
2026-08-25 03:38:00+00:00,20500.636,2798.438,46647.036,51029.999
2026-08-25 03:39:00+00:00,20500.687,2798.38,46647.039,51030.001
2026-08-25 03:40:00+00:00,20500.679,2798.355,46647.043,51030.012
2026-08-25 03:41:00+00:00,20500.724,2798.336,46647.02,51030.032
2026-08-25 03:42:00+00:00,20500.785,2798.345,46646.997,51030.025
2026-08-25 03:43:00+00:00,20500.852,2798.35,46647.011,51030.063
2026-08-25 03:44:00+00:00,20500.902,2798.346,46647.034,51030.103
2026-08-25 03:45:00+00:00,20500.998,2798.328,46646.986,51030.132
2026-08-25 03:46:00+00:00,20501.132,2798.189,46647.051,51030.191
2026-08-25 03:47:00+00:00,20501.198,2798.207,46647.001,51030.201
2026-08-25 03:48:00+00:00,20501.225,2798.248,46647.004,51030.209
2026-08-25 03:49:00+00:00,20501.294,2798.245,46646.979,51030.236
2026-08-25 03:50:00+00:00,20501.293,2798.184,46646.958,51030.246
2026-08-25 03:51:00+00:00,20501.339,2798.241,46646.924,51030.247
2026-08-25 03:52:00+00:00,20501.294,2798.294,46646.911,51030.224
2026-08-25 03:53:00+00:00,20501.189,2798.339,46646.936,51030.192
2026-08-25 03:54:00+00:00,20501.062,2798.329,46646.986,51030.163
2026-08-25 03:55:00+00:00,20500.981,2798.396,46646.96,51030.123
2026-08-25 03:56:00+00:00,20500.888,2798.439,46646.985,51030.067
2026-08-25 03:57:00+00:00,20500.853,2798.431,46646.965,51030.06
2026-08-25 03:58:00+00:00,20500.817,2798.367,46646.943,51030.06
2026-08-25 03:59:00+00:00,20500.852,2798.276,46646.947,51030.034
2026-08-25 04:00:00+00:00,20500.732,2798.336,46646.947,51029.965
2026-08-25 04:01:00+00:00,20500.659,2798.396,46646.955,51029.92
2026-08-25 04:02:00+00:00,20500.363,2798.323,46646.999,51029.823
2026-08-25 04:03:00+00:00,20500.176,2798.156,46647.021,51029.768
2026-08-25 04:04:00+00:00,20500.22,2798.023,46646.95,51029.717
2026-08-25 04:05:00+00:00,20500.458,2798.16,46646.859,51029.742
2026-08-25 04:06:00+00:00,20500.529,2798.349,46646.826,51029.764
2026-08-25 04:07:00+00:00,20500.481,2798.514,46646.837,51029.768
2026-08-25 04:08:00+00:00,20500.477,2798.561,46646.84,51029.801
2026-08-25 04:09:00+00:00,20500.508,2798.697,46646.788,51029.804
2026-08-25 04:10:00+00:00,20500.501,2798.899,46646.776,51029.809
2026-08-25 04:11:00+00:00,20500.535,2799.04,46646.839,51029.847
2026-08-25 04:12:00+00:00,20500.655,2799.097,46646.862,51029.909
2026-08-25 04:13:00+00:00,20500.657,2799.085,46646.892,51029.94
2026-08-25 04:14:00+00:00,20500.677,2799.124,46646.922,51029.958
2026-08-25 04:15:00+00:00,20500.727,2799.099,46646.944,51029.983
2026-08-25 04:16:00+00:00,20500.855,2799.104,46646.935,51030.018
2026-08-25 04:17:00+00:00,20500.91,2799.154,46646.904,51030.041
2026-08-25 04:18:00+00:00,20500.993,2799.269,46646.917,51030.055
2026-08-25 04:19:00+00:00,20501.11,2799.373,46646.908,51030.095
2026-08-25 04:20:00+00:00,20501.256,2799.492,46646.881,51030.164
2026-08-25 04:21:00+00:00,20501.338,2799.513,46646.927,51030.227
2026-08-25 04:22:00+00:00,20501.526,2799.536,46646.874,51030.297
2026-08-25 04:23:00+00:00,20501.655,2799.542,46646.862,51030.361
2026-08-25 04:24:00+00:00,20501.709,2799.506,46646.872,51030.389
2026-08-25 04:25:00+00:00,20501.753,2799.521,46646.933,51030.403
2026-08-25 04:26:00+00:00,20501.804,2799.52,46646.87,51030.413
2026-08-25 04:27:00+00:00,20501.873,2799.527,46646.859,51030.435
2026-08-25 04:28:00+00:00,20501.996,2799.513,46646.891,51030.48
2026-08-25 04:29:00+00:00,20502.155,2799.509,46646.886,51030.544
2026-08-25 04:30:00+00:00,20502.436,2799.531,46646.853,51030.629
2026-08-25 04:31:00+00:00,20502.637,2799.515,46646.86,51030.729
2026-08-25 04:32:00+00:00,20502.71,2799.533,46646.834,51030.741
2026-08-25 04:33:00+00:00,20502.827,2799.591,46646.841,51030.776
2026-08-25 04:34:00+00:00,20502.901,2799.644,46646.906,51030.827
2026-08-25 04:35:00+00:00,20502.961,2799.742,46646.889,51030.848
2026-08-25 04:36:00+00:00,20503.028,2799.788,46646.906,51030.887
2026-08-25 04:37:00+00:00,20503.136,2799.845,46646.941,51030.948
2026-08-25 04:38:00+00:00,20503.293,2799.84,46646.967,51031.018
2026-08-25 04:39:00+00:00,20503.395,2799.778,46647.005,51031.081
2026-08-25 04:40:00+00:00,20503.536,2799.722,46646.975,51031.11
2026-08-25 04:41:00+00:00,20503.506,2799.716,46646.96,51031.109
2026-08-25 04:42:00+00:00,20503.469,2799.746,46646.957,51031.075
2026-08-25 04:43:00+00:00,20503.168,2799.622,46647.038,51031.03
2026-08-25 04:44:00+00:00,20503.053,2799.294,46647.084,51030.968
2026-08-25 04:45:00+00:00,20503.079,2799.249,46646.953,51030.897
2026-08-25 04:46:00+00:00,20503.155,2799.289,46646.885,51030.902
2026-08-25 04:47:00+00:00,20503.293,2799.254,46646.945,51030.953
2026-08-25 04:48:00+00:00,20503.445,2799.126,46646.916,51030.995
2026-08-25 04:49:00+00:00,20503.59,2799.13,46646.907,51031.03
2026-08-25 04:50:00+00:00,20503.69,2799.272,46646.881,51031.057
2026-08-25 04:51:00+00:00,20503.789,2799.445,46646.819,51031.109
2026-08-25 04:52:00+00:00,20503.836,2799.539,46646.852,51031.153
2026-08-25 04:53:00+00:00,20503.729,2799.481,46646.865,51031.145
2026-08-25 04:54:00+00:00,20503.468,2799.591,46646.932,51031.043
2026-08-25 04:55:00+00:00,20503.163,2799.593,46646.893,51030.927
2026-08-25 04:56:00+00:00,20502.853,2799.692,46646.889,51030.803
2026-08-25 04:57:00+00:00,20502.639,2799.769,46646.85,51030.718
2026-08-25 04:58:00+00:00,20502.532,2799.763,46646.911,51030.719
2026-08-25 04:59:00+00:00,20502.581,2799.671,46646.911,51030.715
2026-08-25 05:00:00+00:00,20502.724,2799.533,46646.865,51030.739
2026-08-25 05:01:00+00:00,20503.239,2799.543,46646.847,51030.884
2026-08-25 05:02:00+00:00,20503.922,2799.614,46646.793,51031.135
2026-08-25 05:03:00+00:00,20504.432,2799.648,46646.799,51031.329
2026-08-25 05:04:00+00:00,20504.544,2799.78,46646.819,51031.402
2026-08-25 05:05:00+00:00,20504.532,2799.969,46646.824,51031.415
2026-08-25 05:06:00+00:00,20504.428,2799.95,46646.91,51031.43
2026-08-25 05:07:00+00:00,20504.461,2800.048,46646.882,51031.439
2026-08-25 05:08:00+00:00,20504.529,2800.269,46646.888,51031.465
2026-08-25 05:09:00+00:00,20504.5,2800.45,46646.867,51031.476
2026-08-25 05:10:00+00:00,20504.413,2800.551,46646.926,51031.484
2026-08-25 05:11:00+00:00,20504.369,2800.612,46646.888,51031.49
2026-08-25 05:12:00+00:00,20504.35,2800.62,46646.969,51031.504
2026-08-25 05:13:00+00:00,20504.423,2800.659,46646.955,51031.528
2026-08-25 05:14:00+00:00,20504.449,2800.638,46647.048,51031.577
2026-08-25 05:15:00+00:00,20504.511,2800.727,46646.971,51031.591
2026-08-25 05:16:00+00:00,20504.41,2800.815,46647.001,51031.559
2026-08-25 05:17:00+00:00,20504.223,2800.806,46647.06,51031.54
2026-08-25 05:18:00+00:00,20504.164,2800.759,46647.117,51031.514
2026-08-25 05:19:00+00:00,20504.133,2800.68,46647.073,51031.502
2026-08-25 05:20:00+00:00,20504.198,2800.712,46646.978,51031.508
2026-08-25 05:21:00+00:00,20504.297,2800.673,46646.968,51031.542
2026-08-25 05:22:00+00:00,20504.314,2800.628,46646.984,51031.544
2026-08-25 05:23:00+00:00,20504.355,2800.661,46646.951,51031.557
2026-08-25 05:24:00+00:00,20504.378,2800.69,46646.948,51031.568
2026-08-25 05:25:00+00:00,20504.328,2800.778,46646.954,51031.559
2026-08-25 05:26:00+00:00,20504.269,2800.909,46646.966,51031.545
2026-08-25 05:27:00+00:00,20504.156,2800.95,46646.997,51031.527
2026-08-25 05:28:00+00:00,20504.082,2800.948,46646.992,51031.505
2026-08-25 05:29:00+00:00,20503.889,2800.957,46647.028,51031.445
2026-08-25 05:30:00+00:00,20504.018,2801.08,46647.026,51031.473
2026-08-25 05:31:00+00:00,20504.158,2801.154,46647.065,51031.55
2026-08-25 05:32:00+00:00,20504.241,2801.14,46647.039,51031.599
2026-08-25 05:33:00+00:00,20504.176,2801.115,46647.04,51031.589
2026-08-25 05:34:00+00:00,20504.094,2801.172,46647.043,51031.539
2026-08-25 05:35:00+00:00,20503.92,2801.265,46647.105,51031.498
2026-08-25 05:36:00+00:00,20503.762,2801.345,46647.139,51031.467
2026-08-25 05:37:00+00:00,20503.666,2801.342,46647.231,51031.453
2026-08-25 05:38:00+00:00,20503.479,2801.303,46647.224,51031.396
2026-08-25 05:39:00+00:00,20503.224,2801.252,46647.197,51031.291
2026-08-25 05:40:00+00:00,20502.641,2801.386,46647.226,51031.047
2026-08-25 05:41:00+00:00,20502.235,2801.646,46647.196,51030.908
2026-08-25 05:42:00+00:00,20501.782,2801.583,46647.261,51030.806
2026-08-25 05:43:00+00:00,20501.951,2801.553,46647.198,51030.813
2026-08-25 05:44:00+00:00,20501.431,2801.724,46647.167,51030.603
2026-08-25 05:45:00+00:00,20500.331,2801.793,46647.243,51030.256
2026-08-25 05:46:00+00:00,20500.985,2801.461,46647.302,51030.513
2026-08-25 05:47:00+00:00,20501.541,2801.481,46647.149,51030.602
2026-08-25 05:48:00+00:00,20500.479,2801.335,46647.307,51030.279
2026-08-25 05:49:00+00:00,20501.63,2801.569,46647.152,51030.631
2026-08-25 05:50:00+00:00,20502.742,2801.224,46647.238,51031.138
2026-08-25 05:51:00+00:00,20502.889,2800.972,46647.275,51031.186
2026-08-25 05:52:00+00:00,20503.641,2801.171,46647.153,51031.428
2026-08-25 05:53:00+00:00,20503.822,2801.064,46647.27,51031.602
2026-08-25 05:54:00+00:00,20503.869,2800.888,46647.217,51031.641
