radius_mpc_h70,signal_esd,signal_esd_std,pilot_random_esd,pilot_random_esd_std,pilot_corrected_esd,pilot_corrected_esd_std_independent_diagonal,signal_cross_esd,signal_cross_esd_std,pilot_random_cross_esd,pilot_random_cross_esd_std,pilot_corrected_cross_esd,pilot_corrected_cross_esd_std_independent_diagonal,signal_gobs,signal_gobs_std,pilot_random_gobs,pilot_random_gobs_std,pilot_corrected_gobs,pilot_corrected_gobs_std_independent_diagonal,signal_cross_gobs,signal_cross_gobs_std,pilot_random_cross_gobs,pilot_random_cross_gobs_std,pilot_corrected_cross_gobs,pilot_corrected_cross_gobs_std_independent_diagonal
0.003497725764321151,nan,nan,-4459170513763.392,262703255735418.56,nan,nan,nan,nan,-71481118748436.23,262703255735418.56,nan,nan,nan,nan,9.653315903903174e-11,1.686924010443045e-10,nan,nan,nan,nan,1.26152647325619e-10,1.686924010443045e-10,nan,nan
0.004754608459399198,-601944774924584.0,1133403877147980.2,22253474379091.83,161119397760013.2,-624198249303675.9,1144798588865580.0,1238202929774419.8,1133403877147980.2,-8638130384844.6,161119397760013.2,1246841060159264.2,1144798588865580.0,-3.2146611134692613e-10,7.098722314998332e-10,7.557154712590149e-11,8.514416766375053e-11,-3.9703765847282764e-10,7.149602187126957e-10,5.611864350145099e-10,7.098722314998332e-10,2.953263578413501e-11,8.514416766375053e-11,5.316537992303749e-10,7.149602187126957e-10
0.0064631429464219,-116965554011280.73,487075574232314.7,-164113095717033.9,140936061263371.25,47147541705753.17,507055804007972.9,-227497602829407.8,487075574232314.7,-26592881358952.39,140936061263371.25,-200904721470455.44,507055804007972.9,-2.2657742729194247e-10,2.934462683478803e-10,1.5323555070373772e-11,6.153923382277156e-11,-2.4190098236231625e-10,2.998296011183518e-10,-6.835169489072709e-11,2.934462683478803e-10,-2.5971652402714137e-11,6.153923382277156e-11,-4.238004248801296e-11,2.998296011183518e-10
0.008785627061110645,107926665926085.16,111079471413183.69,215992493520017.28,96995345904464.19,-108065827593932.12,147467779859055.84,-14124133103646.373,111079471413183.69,-1723022228082.1255,96995345904464.19,-12401110875564.248,147467779859055.84,6.949587452141475e-11,6.88552957850754e-11,7.358144609898709e-11,4.294456807579119e-11,-4.08557157757234e-12,8.114978548872749e-11,6.383387753930286e-12,6.88552957850754e-11,-4.271233739686753e-11,4.294456807579119e-11,4.9095725150797815e-11,8.114978548872749e-11
0.011942679203722668,9289208614109.623,42743288523513.52,-67009286166679.18,73720950951844.75,76298494780788.8,85216003913869.5,-48844612825560.11,42743288523513.52,16029860645642.613,73720950951844.75,-64874473471202.72,85216003913869.5,1.6182857516375146e-11,2.4578479593310734e-11,7.368617585780586e-12,3.138865121510543e-11,8.81423993059456e-12,3.986664124581267e-11,-2.6673842980406727e-11,2.4578479593310734e-11,-2.3600264271654064e-11,3.138865121510543e-11,-3.073578708752663e-12,3.986664124581267e-11
0.016234195416098104,29947762522912.12,20534311797710.55,-68710200950772.58,56277378637706.26,98657963473684.7,59906604872395.76,22554970309990.297,20534311797710.55,9162762934397.555,56277378637706.26,13392207375592.742,59906604872395.76,1.594967325125034e-11,1.1083182947778213e-11,-1.3235746666846905e-11,2.3133204072589648e-11,2.9185419918097245e-11,2.5651161278156588e-11,1.1458713477122325e-11,1.1083182947778213e-11,-1.8784098566527457e-11,2.3133204072589648e-11,3.024281204364978e-11,2.5651161278156588e-11
0.02206783723420365,5635372470313.45,13088023220514.002,23579024132225.37,40313954703557.88,-17943651661911.92,42385272155092.16,-18471875502886.312,13088023220514.002,-49194727313050.625,40313954703557.88,30722851810164.312,42385272155092.16,1.4742047287471954e-11,6.444414206437383e-12,-1.8772846991464463e-12,1.704016945551716e-11,1.66193319866184e-11,1.8218063825139928e-11,-2.0675730833591363e-13,6.444414206437383e-12,-2.2979794611002338e-11,1.704016945551716e-11,2.2773037302666425e-11,1.8218063825139928e-11
0.029997756446395733,19609342116520.227,9465192186744.895,21443823286462.438,29903290817559.97,-1834481169942.211,31365533071376.02,4389583694646.139,9465192186744.895,8944315540933.127,29903290817559.97,-4554731846286.988,31365533071376.02,7.750142685232022e-12,4.334552417024363e-12,9.599733582466147e-12,1.2795457931563898e-11,-1.8495908972341246e-12,1.350970348802494e-11,2.940683378358773e-12,4.334552417024363e-12,-1.1923693680812992e-11,1.2795457931563898e-11,1.4864377059171765e-11,1.350970348802494e-11
0.04077723531613449,7236001029446.032,6945213792432.315,-24375041664886.906,21694428378056.953,31611042694332.938,22779030209234.87,4861235522730.606,6945213792432.315,13996748179171.744,21694428378056.953,-9135512656441.137,22779030209234.87,3.730238624895075e-12,3.1333453589409855e-12,4.486308349818611e-12,9.7439223649906e-12,-7.560697249235362e-13,1.0235324918797693e-11,1.029977669299213e-12,3.1333453589409855e-12,-7.380616695101233e-12,9.7439223649906e-12,8.410594364400446e-12,1.0235324918797693e-11
0.05543024269160607,-3707106584171.544,5087422424832.859,11726433554538.771,15856779300819.535,-15433540138710.316,16652907155316.49,2897527500672.158,5087422424832.859,-27564117776943.17,15856779300819.535,30461645277615.33,16652907155316.49,8.689987858923787e-13,2.346425562332032e-12,3.176338376424028e-12,7.487285381961619e-12,-2.307339590531649e-12,7.846346621868125e-12,6.86787868318576e-13,2.346425562332032e-12,-7.79737333896669e-12,7.487285381961619e-12,8.484161207285265e-12,7.846346621868125e-12
0.07534870329069698,744888358102.0715,3754577266789.4756,6754284883401.576,11779705427787.223,-6009396525299.505,12363588088323.395,4411079461760.295,3754577266789.4756,-14131049063413.672,11779705427787.223,18542128525173.97,12363588088323.395,1.9337907083682825e-12,1.8017310946674932e-12,5.374955220319732e-12,5.795969859531465e-12,-3.4411645119514496e-12,6.069555300851036e-12,1.2945319507570993e-12,1.8017310946674932e-12,-2.19351868951418e-12,5.795969859531465e-12,3.4880506402712794e-12,6.069555300851036e-12
0.1024247200066695,577092258545.9083,2772904136998.3877,-8841485917982.443,8653380250225.167,9418578176528.352,9086802909052.764,2296736051424.804,2772904136998.3877,6260970889145.911,8653380250225.167,-3964234837721.107,9086802909052.764,2.1346885839301616e-12,1.390981615667136e-12,-2.498969732615299e-13,4.397929910794031e-12,2.3845855571916915e-12,4.612658382687878e-12,1.0080109485201939e-12,1.390981615667136e-12,3.666977785560921e-12,4.397929910794031e-12,-2.658966837040727e-12,4.612658382687878e-12
0.13923030935211736,4088942631703.128,2057711276618.6057,4626058795315.41,6336828026959.158,-537116163612.2822,6662549447559.73,1265391918782.9722,2057711276618.6057,11643263810745.72,6336828026959.158,-10377871891962.748,6662549447559.73,1.5478714273896525e-12,1.0598836966738486e-12,9.645107253264382e-13,3.2705683100776728e-12,5.833607020632143e-13,3.438018400381148e-12,5.894938333606651e-13,1.0598836966738486e-12,3.794910450908226e-12,3.2705683100776728e-12,-3.2054166175475607e-12,3.438018400381148e-12
0.18926172354705012,818294034165.3214,1523918226618.9612,2952422329923.924,4675951999125.782,-2134128295758.6025,4918013202457.867,2367451093391.7695,1523918226618.9612,4068691521276.6123,4675951999125.782,-1701240427884.8428,4918013202457.867,5.48990033933496e-13,7.906308269332829e-13,2.865833614742902e-13,2.408004291285931e-12,2.624066724592058e-13,2.5344785995049683e-12,7.323601420706337e-13,7.906308269332829e-13,9.074156878137231e-13,2.408004291285931e-12,-1.7505554574308938e-13,2.5344785995049683e-12
0.25727156799896383,1179801398906.4436,1130596694544.7683,-1575671561459.858,3439922889851.9043,2755472960366.302,3620955450408.4463,502344768581.6867,1130596694544.7683,-2202212700724.279,3439922889851.9043,2704557469305.9653,3620955450408.4463,4.977477654250524e-13,5.837051484672967e-13,-1.0780589259804852e-12,1.7592548731406607e-12,1.5758066914055377e-12,1.8535612773837265e-12,2.639174622701667e-13,5.837051484672967e-13,-7.07121644953986e-13,1.7592548731406607e-12,9.710391072241526e-13,1.8535612773837265e-12
0.34972026282002594,415853070848.00037,839127587219.9866,-2435048960083.734,2523101890708.7227,2850902030931.7344,2658980680360.7217,988061549735.2867,839127587219.9866,-990328585363.519,2523101890708.7227,1978390135098.8057,2658980680360.7217,2.2045879294721427e-14,4.3052717600250824e-13,-1.3262855395755699e-12,1.286582506600506e-12,1.3483314188702913e-12,1.356704903642327e-12,3.336265006031238e-13,4.3052717600250824e-13,1.6834543361238297e-13,1.286582506600506e-12,1.652810669907408e-13,1.356704903642327e-12
0.4753897338061105,-310413355067.2788,623708203409.0623,-1848731899487.2424,1860856265579.5593,1538318544419.9636,1962599797245.0889,296768008416.8659,623708203409.0623,3462581026390.1074,1860856265579.5593,-3165813017973.2417,1962599797245.0889,-5.1292112466386804e-14,3.1856418884191773e-13,-6.992820812730355e-13,9.449836940145104e-13,6.479899688066487e-13,9.972348391255787e-13,2.2797314323895973e-13,3.1856418884191773e-13,8.385019499919802e-13,9.449836940145104e-13,-6.105288067530205e-13,9.972348391255787e-13
0.6462176288725567,-55272878209.87075,463662707745.62823,-685105468146.3899,1371191735275.251,629832589936.5192,1447463257371.724,456633001056.0982,463662707745.62823,-910937078883.8202,1371191735275.251,1367570079939.9185,1447463257371.724,-5.62129208633151e-15,2.362979227103218e-13,-2.4318433570386793e-13,6.944861531117195e-13,2.3756304361753644e-13,7.33585526807289e-13,2.2179314919308795e-13,2.362979227103218e-13,-2.541980472461423e-13,6.944861531117195e-13,4.759911964392303e-13,7.33585526807289e-13
0.8784313041896438,-227219654673.9937,345177343072.4069,239414008474.24265,1007940236426.116,-466633663148.2363,1065406456887.3518,417711395679.13824,345177343072.4069,194499701596.60638,1007940236426.116,223211694082.53186,1065406456887.3518,-3.925058218752154e-15,1.756741448471797e-13,2.6992102072151387e-14,5.102079354514541e-13,-3.091716029090354e-14,5.396049875283058e-13,1.8968702507160267e-13,1.756741448471797e-13,-9.44959068017688e-14,5.102079354514541e-13,2.8418293187337145e-13,5.396049875283058e-13
1.1940893001117703,297191519983.4306,257193389947.0094,-144626492513.6231,742657475977.748,441818012497.0537,785931655080.818,291425815985.72656,257193389947.0094,-927210100703.8998,742657475977.748,1218635916689.6265,785931655080.818,1.1552494758599051e-13,1.307333149877723e-13,-1.0663143569073699e-13,3.7578329319712945e-13,2.2215638327672752e-13,3.978747077834577e-13,1.0623541722052172e-13,1.307333149877723e-13,-2.25636462596519e-13,3.7578329319712945e-13,3.318718798170407e-13,3.978747077834577e-13
1.6231767354383722,214022966580.7045,191635564669.58954,-319972981044.6926,548038576814.25525,533995947625.3971,580577704810.3267,232109897412.55154,191635564669.58954,783009766074.5964,548038576814.25525,-550899868662.0449,580577704810.3267,4.886987788707849e-14,9.722642140283979e-14,-1.1797947633302306e-13,2.771557803513092e-13,1.6684935422010155e-13,2.937146635783541e-13,3.420798162169151e-14,9.722642140283979e-14,-6.341779294294504e-15,2.771557803513092e-13,4.054976091598601e-14,2.937146635783541e-13
2.206453666590727,5002437932.088838,142491666529.03705,-263166170520.2195,404459727785.04193,268168608452.30835,428825776312.6799,-22301518324.540524,142491666529.03705,-713271398205.3258,404459727785.04193,690969879880.7853,428825776312.6799,-8.85052782016465e-15,7.213492081534357e-14,-2.5115542880259137e-14,2.0450379581123635e-13,1.6265015060094488e-14,2.1685305924113622e-13,-4.791732971823098e-14,7.213492081534357e-14,-3.2648164380722155e-13,2.0450379581123635e-13,2.7856431408899057e-13,2.1685305924113622e-13
2.9993269842527894,30819774847.64492,105753617048.32329,358358911784.7353,299094378995.74677,-327539136937.0904,317240090571.2499,-31155747437.279034,105753617048.32329,-312789101846.8192,299094378995.74677,281633354409.54016,317240090571.2499,-2.067062527582505e-14,5.337063296870488e-14,8.766290884435816e-14,1.50965550711095e-13,-1.0833353412018321e-13,1.6012189720642335e-13,-6.403335436767742e-14,5.337063296870488e-14,-1.7619974498834756e-13,1.50965550711095e-13,1.1216639062067014e-13,1.6012189720642335e-13
4.077113648330958,-91715471286.61426,78464948675.21416,-1784749450.0365293,221777792545.56982,-89930721836.57773,235249096569.97577,-191080189714.2527,78464948675.21416,-139622644630.79443,221777792545.56982,-51457545083.45825,235249096569.97577,-4.4087540994185185e-14,3.9321357033717163e-14,-2.3367350938552105e-14,1.112252026762587e-13,-2.072019005563308e-14,1.1797124577348448e-13,-6.606981187588389e-14,3.9321357033717163e-14,-1.1247578018304589e-13,1.112252026762587e-13,4.6405968307162e-14,1.1797124577348448e-13
5.542195228689867,-35822033272.65958,58289328794.93011,102019958312.01817,164799571106.69415,-137841991584.67773,174804303403.30246,23783255061.368584,58289328794.93011,-188226387883.06525,164799571106.69415,212009642944.43384,174804303403.30246,-3.527353368655569e-14,2.8656068681868536e-14,-4.582976041183426e-14,8.109528636891475e-14,1.055622672527857e-14,8.600939334489145e-14,-1.6977389643311888e-14,2.8656068681868536e-14,-9.586039038057737e-14,8.109528636891475e-14,7.888300073726549e-14,8.600939334489145e-14
7.533743378845192,-58023070633.47355,43426027907.99899,-33480446302.087402,122944757228.73889,-24542624331.386147,130388777239.07013,-79982816819.7738,43426027907.99899,-155972080941.9777,122944757228.73889,75989264122.20389,130388777239.07013,-4.764230531705183e-14,2.012325199982062e-14,-1.1999561801131975e-13,5.70075094427081e-14,7.235331269426792e-14,6.045495351010318e-14,-3.3919222779542473e-14,2.012325199982062e-14,-5.170441382602829e-14,5.70075094427081e-14,1.778519104648582e-14,6.045495351010318e-14
10.240940088952936,-96290745619.66425,32472900112.228672,-280760457585.2853,92091802058.45628,184469711965.62103,97649317704.08163,-75638493842.05673,32472900112.228672,-57200111338.50642,92091802058.45628,-18438382503.550316,97649317704.08163,-5.3965619811451196e-14,1.0997462602039248e-14,-1.5591318061001233e-13,3.119734590332211e-14,1.0194756079856114e-13,3.3078974819283337e-14,0.0,1.0997462602039248e-14,0.0,3.119734590332211e-14,0.0,3.3078974819283337e-14
